CREATE DATABASE IF NOT EXISTS msaportal;
CREATE DATABASE IF NOT EXISTS reservation;

grant all privileges on *.* to 'msaportal'@'%';

use reservation;

/*!40101 SET @OLD_CHARACTER_SET_CLIENT=@@CHARACTER_SET_CLIENT */;
/*!40101 SET @OLD_CHARACTER_SET_RESULTS=@@CHARACTER_SET_RESULTS */;
/*!40101 SET @OLD_COLLATION_CONNECTION=@@COLLATION_CONNECTION */;
/*!40101 SET NAMES utf8 */;
/*!40103 SET @OLD_TIME_ZONE=@@TIME_ZONE */;
/*!40103 SET TIME_ZONE='+00:00' */;
/*!40014 SET @OLD_UNIQUE_CHECKS=@@UNIQUE_CHECKS, UNIQUE_CHECKS=0 */;
/*!40014 SET @OLD_FOREIGN_KEY_CHECKS=@@FOREIGN_KEY_CHECKS, FOREIGN_KEY_CHECKS=0 */;
/*!40101 SET @OLD_SQL_MODE=@@SQL_MODE, SQL_MODE='NO_AUTO_VALUE_ON_ZERO' */;
/*!40111 SET @OLD_SQL_NOTES=@@SQL_NOTES, SQL_NOTES=0 */;

DROP TABLE IF EXISTS `reserve`;
/*!40101 SET @saved_cs_client     = @@character_set_client */;
/*!40101 SET character_set_client = utf8 */;
CREATE TABLE IF NOT EXISTS  `reserve`
(
    `reserve_id`               VARCHAR(255)     NOT NULL    COMMENT '예약 id',
    `reserve_item_id`          BIGINT           NULL        COMMENT '예약 물품 id',
    `location_id`              BIGINT           NULL        COMMENT '예약 물품-지역 id',
    `category_id`              VARCHAR(255)     NULL        COMMENT '예약 물품-유형 id',
    `reserve_qty`              BIGINT(18)       NULL        COMMENT '예약 신청인원/수량',
    `reserve_purpose_content`  VARCHAR(4000)    NULL        COMMENT '예약신청 목적',
    `attachment_code`          VARCHAR(255)     NULL        COMMENT '첨부파일 코드',
    `reserve_start_date`       DATETIME         NULL        COMMENT '예약 신청 시작일',
    `reserve_end_date`         DATETIME         NULL        COMMENT '예약 신청 종료일',
    `reserve_status_id`        VARCHAR(20)      NULL        COMMENT '예약상태 - 공통코드(reserve-status)',
    `reason_cancel_content`    VARCHAR(4000)    NULL        COMMENT '예약 취소 사유',
    `user_id`                  VARCHAR(255)     NULL        COMMENT '예약자 id',
    `user_contact_no`          VARCHAR(50)      NULL        COMMENT '예약자 연락처',
    `user_email_addr`          VARCHAR(500)     NULL        COMMENT '예약자 이메일',
    `create_date`              DATETIME         NULL        COMMENT '생성일',
    `created_by`               VARCHAR(255)     NULL        COMMENT '생성자',
    `modified_date`            DATETIME         NULL        COMMENT '수정일',
    `last_modified_by`         VARCHAR(255)     NULL        COMMENT '수정자',
    PRIMARY KEY (reserve_id)
) ENGINE=InnoDB DEFAULT CHARSET=utf8mb4 COMMENT='예약 신청&확인';
/*!40101 SET character_set_client = @saved_cs_client */;


use msaportal;

-- MySQL dump 10.13  Distrib 8.0.21, for macos10.15 (x86_64)
--
-- Host: 127.0.0.1    Database: msaportal
-- ------------------------------------------------------
-- Server version	5.7.36

/*!40101 SET @OLD_CHARACTER_SET_CLIENT=@@CHARACTER_SET_CLIENT */;
/*!40101 SET @OLD_CHARACTER_SET_RESULTS=@@CHARACTER_SET_RESULTS */;
/*!40101 SET @OLD_COLLATION_CONNECTION=@@COLLATION_CONNECTION */;
/*!50503 SET NAMES utf8 */;
/*!40103 SET @OLD_TIME_ZONE=@@TIME_ZONE */;
/*!40103 SET TIME_ZONE='+00:00' */;
/*!40014 SET @OLD_UNIQUE_CHECKS=@@UNIQUE_CHECKS, UNIQUE_CHECKS=0 */;
/*!40014 SET @OLD_FOREIGN_KEY_CHECKS=@@FOREIGN_KEY_CHECKS, FOREIGN_KEY_CHECKS=0 */;
/*!40101 SET @OLD_SQL_MODE=@@SQL_MODE, SQL_MODE='NO_AUTO_VALUE_ON_ZERO' */;
/*!40111 SET @OLD_SQL_NOTES=@@SQL_NOTES, SQL_NOTES=0 */;

--
-- Table structure for table `api_log`
--

DROP TABLE IF EXISTS `api_log`;
/*!40101 SET @saved_cs_client     = @@character_set_client */;
/*!50503 SET character_set_client = utf8mb4 */;
CREATE TABLE `api_log` (
  `log_id` bigint(20) NOT NULL AUTO_INCREMENT COMMENT '로그 id',
  `site_id` bigint(20) DEFAULT NULL COMMENT '사이트 id',
  `user_id` varchar(255) DEFAULT NULL COMMENT '사용자 id',
  `http_method` varchar(10) DEFAULT NULL COMMENT 'api http method',
  `request_url` varchar(500) DEFAULT NULL COMMENT '요청 url',
  `ip_addr` varchar(100) DEFAULT NULL COMMENT 'ip 주소',
  `created_date` datetime(6) DEFAULT NULL COMMENT '생성일시',
  `modified_date` datetime(6) DEFAULT NULL COMMENT '수정일시',
  PRIMARY KEY (`log_id`)
) ENGINE=InnoDB AUTO_INCREMENT=1 DEFAULT CHARSET=utf8mb4 COMMENT='API access log';
/*!40101 SET character_set_client = @saved_cs_client */;


--
-- Table structure for table `attachment`
--

DROP TABLE IF EXISTS `attachment`;
/*!40101 SET @saved_cs_client     = @@character_set_client */;
/*!50503 SET character_set_client = utf8mb4 */;
CREATE TABLE `attachment` (
  `attachment_code` varchar(20) NOT NULL COMMENT '첨부파일 코드',
  `attachment_seq` bigint(20) NOT NULL COMMENT '첨부파일 순번',
  `download_count` bigint(20) DEFAULT NULL COMMENT '다운로드 수',
  `entity_id` varchar(50) DEFAULT NULL COMMENT '연결 도메인 id',
  `entity_name` varchar(200) DEFAULT NULL COMMENT '연결 도메인 명',
  `file_type_value` varchar(100) DEFAULT NULL COMMENT '첨부파일 타입',
  `delete_at` tinyint(1) DEFAULT '0' COMMENT '삭제 여부',
  `original_file_name` varchar(200) NOT NULL COMMENT '원본 파일명',
  `physical_file_name` varchar(200) NOT NULL COMMENT '물리 파일명',
  `attachment_size` bigint(20) DEFAULT NULL COMMENT '첨부파일 크기',
  `attachment_id` varchar(50) NOT NULL COMMENT '첨부파일 id',
  `created_date` datetime DEFAULT NULL COMMENT '생성 일시',
  `modified_date` datetime DEFAULT NULL COMMENT '수정 일시',
  `created_by` varchar(255) DEFAULT NULL COMMENT '생성자 id',
  `last_modified_by` varchar(255) DEFAULT NULL COMMENT '수정자 id',
  PRIMARY KEY (`attachment_code`,`attachment_seq`),
  UNIQUE KEY `attachment_id_uk` (`attachment_id`)
) ENGINE=InnoDB DEFAULT CHARSET=utf8mb4 COMMENT='첨부파일';
/*!40101 SET character_set_client = @saved_cs_client */;

--
-- Table structure for table `authorization`
--

DROP TABLE IF EXISTS `authorization`;
/*!40101 SET @saved_cs_client     = @@character_set_client */;
/*!50503 SET character_set_client = utf8mb4 */;
CREATE TABLE `authorization` (
  `authorization_no` int(9) NOT NULL AUTO_INCREMENT COMMENT '인가 번호',
  `authorization_name` varchar(50) CHARACTER SET utf8 NOT NULL COMMENT '인가 명',
  `url_pattern_value` varchar(200) CHARACTER SET utf8 NOT NULL COMMENT 'URL 패턴 값',
  `http_method_code` varchar(20) CHARACTER SET utf8 NOT NULL COMMENT 'HTTP METHOD 값',
  `sort_seq` mediumint(5) NOT NULL DEFAULT '99999' COMMENT '정렬 순서',
  `created_by` varchar(255) CHARACTER SET utf8 NOT NULL COMMENT '생성자 id',
  `created_date` datetime NOT NULL DEFAULT CURRENT_TIMESTAMP COMMENT '생성 일시',
  `last_modified_by` varchar(255) CHARACTER SET utf8 NOT NULL COMMENT '수정자 id',
  `modified_date` datetime NOT NULL DEFAULT CURRENT_TIMESTAMP COMMENT '수정 일시',
  PRIMARY KEY (`authorization_no`),
  UNIQUE KEY `authorization_UK01` (`url_pattern_value`,`http_method_code`)
) ENGINE=InnoDB AUTO_INCREMENT=196 DEFAULT CHARSET=utf8mb4 COMMENT='인가';
/*!40101 SET character_set_client = @saved_cs_client */;

--
-- Dumping data for table `authorization`
--

LOCK TABLES `authorization` WRITE;
/*!40000 ALTER TABLE `authorization` DISABLE KEYS */;
INSERT INTO `authorization` VALUES (1,'사용자 목록 조회','/user-service/api/v1/users','GET',1,'65a00f65-8460-49af-98ec-042977e56f4b','2021-07-23 11:05:06','65a00f65-8460-49af-98ec-042977e56f4b','2021-07-23 11:05:06'),(2,'사용자 단건 조회','/user-service/api/v1/users/?*','GET',2,'65a00f65-8460-49af-98ec-042977e56f4b','2021-07-23 11:05:06','65a00f65-8460-49af-98ec-042977e56f4b','2021-07-23 11:05:06'),(3,'사용자 등록','/user-service/api/v1/users','POST',3,'65a00f65-8460-49af-98ec-042977e56f4b','2021-07-23 11:05:06','65a00f65-8460-49af-98ec-042977e56f4b','2021-07-23 11:05:06'),(4,'사용자 수정','/user-service/api/v1/users/?*','PUT',4,'65a00f65-8460-49af-98ec-042977e56f4b','2021-07-23 11:05:06','65a00f65-8460-49af-98ec-042977e56f4b','2021-07-23 11:05:06'),(5,'사용자 토큰 갱신','/user-service/api/v1/users/token/refresh','GET',5,'65a00f65-8460-49af-98ec-042977e56f4b','2021-07-23 11:05:06','65a00f65-8460-49af-98ec-042977e56f4b','2021-07-23 11:05:06'),(6,'권한 페이지 목록 조회','/user-service/api/v1/roles','GET',6,'65a00f65-8460-49af-98ec-042977e56f4b','2021-07-23 11:05:06','65a00f65-8460-49af-98ec-042977e56f4b','2021-07-23 11:05:06'),(7,'권한 전체 목록 조회','/user-service/api/v1/roles/all','GET',7,'65a00f65-8460-49af-98ec-042977e56f4b','2021-07-23 11:05:06','65a00f65-8460-49af-98ec-042977e56f4b','2021-07-23 11:05:06'),(8,'인가 페이지 목록 조회','/user-service/api/v1/authorizations','GET',8,'65a00f65-8460-49af-98ec-042977e56f4b','2021-07-23 11:05:06','65a00f65-8460-49af-98ec-042977e56f4b','2021-07-23 11:05:06'),(9,'인가 단건 조회','/user-service/api/v1/authorizations/?*','GET',9,'65a00f65-8460-49af-98ec-042977e56f4b','2021-07-23 11:05:06','65a00f65-8460-49af-98ec-042977e56f4b','2021-07-23 11:05:06'),(10,'인가 다음 정렬 순서 조회','/user-service/api/v1/authorizations/sort-seq/next','GET',10,'65a00f65-8460-49af-98ec-042977e56f4b','2021-07-23 11:05:06','65a00f65-8460-49af-98ec-042977e56f4b','2021-09-06 10:22:19'),(11,'인가 등록','/user-service/api/v1/authorizations','POST',11,'65a00f65-8460-49af-98ec-042977e56f4b','2021-07-23 11:05:06','65a00f65-8460-49af-98ec-042977e56f4b','2021-07-23 11:05:06'),(12,'인가 수정','/user-service/api/v1/authorizations/?*','PUT',12,'65a00f65-8460-49af-98ec-042977e56f4b','2021-07-23 11:05:06','65a00f65-8460-49af-98ec-042977e56f4b','2021-07-23 11:05:06'),(13,'인가 삭제','/user-service/api/v1/authorizations/?*','DELETE',13,'65a00f65-8460-49af-98ec-042977e56f4b','2021-07-23 11:05:06','65a00f65-8460-49af-98ec-042977e56f4b','2021-07-23 11:05:06'),(14,'인가 여부 확인','/user-service/api/v1/authorizations/check','GET',14,'65a00f65-8460-49af-98ec-042977e56f4b','2021-07-23 11:05:06','65a00f65-8460-49af-98ec-042977e56f4b','2021-07-23 11:05:06'),(15,'권한 인가 페이지 목록 조회','/user-service/api/v1/role-authorizations','GET',15,'65a00f65-8460-49af-98ec-042977e56f4b','2021-07-23 11:05:06','65a00f65-8460-49af-98ec-042977e56f4b','2021-07-23 11:05:06'),(16,'권한 인가 다건 등록','/user-service/api/v1/role-authorizations','POST',16,'65a00f65-8460-49af-98ec-042977e56f4b','2021-07-23 11:05:06','65a00f65-8460-49af-98ec-042977e56f4b','2021-08-02 09:06:53'),(17,'코드 페이지 목록 조회','/portal-service/api/v1/codes','GET',18,'65a00f65-8460-49af-98ec-042977e56f4b','2021-07-23 11:05:06','65a00f65-8460-49af-98ec-042977e56f4b','2021-07-23 11:05:06'),(18,'코드 단건 조회','/portal-service/api/v1/codes/?*','GET',19,'65a00f65-8460-49af-98ec-042977e56f4b','2021-07-23 11:05:06','65a00f65-8460-49af-98ec-042977e56f4b','2021-07-23 11:05:06'),(19,'코드 등록','/portal-service/api/v1/codes','POST',20,'65a00f65-8460-49af-98ec-042977e56f4b','2021-07-23 11:05:06','65a00f65-8460-49af-98ec-042977e56f4b','2021-07-23 11:05:06'),(20,'코드 수정','/portal-service/api/v1/codes/?*','PUT',20,'65a00f65-8460-49af-98ec-042977e56f4b','2021-07-23 11:05:06','65a00f65-8460-49af-98ec-042977e56f4b','2021-07-23 11:05:06'),(21,'코드 사용여부 수정','/portal-service/api/v1/codes/?*/toggle-use','PUT',22,'65a00f65-8460-49af-98ec-042977e56f4b','2021-07-23 11:05:06','65a00f65-8460-49af-98ec-042977e56f4b','2021-07-23 11:05:06'),(22,'코드 삭제','/portal-service/api/v1/codes/?*','DELETE',21,'65a00f65-8460-49af-98ec-042977e56f4b','2021-07-23 11:05:06','65a00f65-8460-49af-98ec-042977e56f4b','2021-07-23 11:05:06'),(23,'코드 상세 페이지 목록 조회','/portal-service/api/v1/code-details','GET',22,'65a00f65-8460-49af-98ec-042977e56f4b','2021-07-23 11:05:06','65a00f65-8460-49af-98ec-042977e56f4b','2021-07-23 11:05:06'),(24,'코드 상세 단건 조회','/portal-service/api/v1/code-details/?*','GET',23,'65a00f65-8460-49af-98ec-042977e56f4b','2021-07-23 11:05:06','65a00f65-8460-49af-98ec-042977e56f4b','2021-07-23 11:05:06'),(25,'코드 상세 등록','/portal-service/api/v1/code-details','POST',24,'65a00f65-8460-49af-98ec-042977e56f4b','2021-07-23 11:05:06','65a00f65-8460-49af-98ec-042977e56f4b','2021-07-23 11:05:06'),(26,'코드 상세 수정','/portal-service/api/v1/code-details/?*','PUT',26,'65a00f65-8460-49af-98ec-042977e56f4b','2021-07-23 11:05:06','65a00f65-8460-49af-98ec-042977e56f4b','2021-07-23 11:05:06'),(27,'코드 상세 사용여부 수정','/portal-service/api/v1/code-details/?*/toggle-use','PUT',27,'65a00f65-8460-49af-98ec-042977e56f4b','2021-07-23 11:05:06','65a00f65-8460-49af-98ec-042977e56f4b','2021-07-23 11:05:06'),(28,'코드 상세 삭제','/portal-service/api/v1/code-details/?*','DELETE',28,'65a00f65-8460-49af-98ec-042977e56f4b','2021-07-23 11:05:06','65a00f65-8460-49af-98ec-042977e56f4b','2021-07-23 11:05:06'),(29,'첨부파일 단건 업로드','/portal-service/api/v1/upload','POST',29,'65a00f65-8460-49af-98ec-042977e56f4b','2021-07-23 11:05:06','65a00f65-8460-49af-98ec-042977e56f4b','2021-07-23 11:05:06'),(30,'첨부파일 다건 업로드','/portal-service/api/v1/upload/multi','POST',30,'65a00f65-8460-49af-98ec-042977e56f4b','2021-07-23 11:05:06','65a00f65-8460-49af-98ec-042977e56f4b','2021-07-23 11:05:06'),(31,'에디터 파일 업로드','/portal-service/api/v1/upload/editor','POST',31,'65a00f65-8460-49af-98ec-042977e56f4b','2021-07-23 11:05:06','65a00f65-8460-49af-98ec-042977e56f4b','2021-07-23 11:05:06'),(32,'에디터 이미지 조회','/portal-service/api/v1/images/editor/**','GET',32,'65a00f65-8460-49af-98ec-042977e56f4b','2021-07-23 11:05:06','65a00f65-8460-49af-98ec-042977e56f4b','2021-07-23 11:05:06'),(33,'이미지 조회','/portal-service/api/v1/images/?*','GET',33,'65a00f65-8460-49af-98ec-042977e56f4b','2021-07-23 11:05:06','65a00f65-8460-49af-98ec-042977e56f4b','2021-07-23 11:05:06'),(34,'첨부파일 다운로드','/portal-service/api/v1/download/?*','GET',34,'65a00f65-8460-49af-98ec-042977e56f4b','2021-07-23 11:05:06','65a00f65-8460-49af-98ec-042977e56f4b','2021-07-23 11:05:06'),(35,'첨부파일코드의 첨부파일 목록 조회','/portal-service/api/v1/attachments/?*','GET',35,'65a00f65-8460-49af-98ec-042977e56f4b','2021-07-23 11:05:06','65a00f65-8460-49af-98ec-042977e56f4b','2021-07-23 11:05:06'),(36,'첨부파일 페이지 목록 조회','/portal-service/api/v1/attachments','GET',36,'65a00f65-8460-49af-98ec-042977e56f4b','2021-07-23 11:05:06','87638675-11fa-49e5-9bd1-d2524bf6fa45','2021-08-03 10:05:04'),(37,'첨부파일 삭제여부 수정','/portal-service/api/v1/attachments/?*/?*','PUT',37,'65a00f65-8460-49af-98ec-042977e56f4b','2021-07-23 11:05:06','87638675-11fa-49e5-9bd1-d2524bf6fa45','2021-08-03 10:05:23'),(38,'첨부파일 단건 삭제','/portal-service/api/v1/attachments/?*','DELETE',38,'65a00f65-8460-49af-98ec-042977e56f4b','2021-07-23 11:05:06','87638675-11fa-49e5-9bd1-d2524bf6fa45','2021-08-03 10:05:31'),(39,'첨부파일 신규 등록','/portal-service/api/v1/attachments/upload','POST',39,'65a00f65-8460-49af-98ec-042977e56f4b','2021-07-23 11:05:06','65a00f65-8460-49af-98ec-042977e56f4b','2021-07-23 11:05:06'),(40,'첨부파일 추가 등록','/portal-service/api/v1/attachments/upload/?*','PUT',40,'65a00f65-8460-49af-98ec-042977e56f4b','2021-07-23 11:05:06','65a00f65-8460-49af-98ec-042977e56f4b','2021-07-23 11:05:06'),(41,'첨부파일 수정','/portal-service/api/v1/attachments/?*','PUT',41,'65a00f65-8460-49af-98ec-042977e56f4b','2021-07-23 11:05:06','65a00f65-8460-49af-98ec-042977e56f4b','2021-07-23 11:05:06'),(42,'이용약관/개인정보수집동의 상세 페이지 목록 조회','/portal-service/api/v1/policies','GET',42,'65a00f65-8460-49af-98ec-042977e56f4b','2021-07-23 11:05:06','87638675-11fa-49e5-9bd1-d2524bf6fa45','2021-08-03 10:05:38'),(43,'이용약관/개인정보수집동의 상세 단건 조회','/portal-service/api/v1/policies/?*','GET',43,'65a00f65-8460-49af-98ec-042977e56f4b','2021-07-23 11:05:06','87638675-11fa-49e5-9bd1-d2524bf6fa45','2021-08-03 10:05:45'),(44,'이용약관/개인정보수집동의 상세 등록','/portal-service/api/v1/policies','POST',44,'65a00f65-8460-49af-98ec-042977e56f4b','2021-07-23 11:05:06','87638675-11fa-49e5-9bd1-d2524bf6fa45','2021-08-03 10:05:53'),(45,'이용약관/개인정보수집동의 상세 수정','/portal-service/api/v1/policies/?*','PUT',45,'65a00f65-8460-49af-98ec-042977e56f4b','2021-07-23 11:05:06','87638675-11fa-49e5-9bd1-d2524bf6fa45','2021-08-03 10:05:58'),(46,'이용약관/개인정보수집동의 상세 사용여부 수정','/portal-service/api/v1/policies/?*/?*','PUT',46,'65a00f65-8460-49af-98ec-042977e56f4b','2021-07-23 11:05:06','87638675-11fa-49e5-9bd1-d2524bf6fa45','2021-08-03 10:18:04'),(47,'이용약관/개인정보수집동의 상세 삭제','/portal-service/api/v1/policies/?*','DELETE',47,'65a00f65-8460-49af-98ec-042977e56f4b','2021-07-23 11:05:06','87638675-11fa-49e5-9bd1-d2524bf6fa45','2021-08-03 10:06:12'),(48,'공통코드 상세 목록 조회','/portal-service/api/v1/code-details/?*/codes','GET',48,'65a00f65-8460-49af-98ec-042977e56f4b','2021-07-23 11:14:22','65a00f65-8460-49af-98ec-042977e56f4b','2021-07-23 11:14:22'),(49,'회원가입 시 이용약관/개인정보수집동의 마지막 한건 조회','/portal-service/api/v1/policies/latest/?*','GET',52,'65a00f65-8460-49af-98ec-042977e56f4b','2021-07-23 16:38:03','65a00f65-8460-49af-98ec-042977e56f4b','2021-07-23 16:38:03'),(50,'컨텐츠 페이지 목록 조회','/portal-service/api/v1/contents','GET',53,'65a00f65-8460-49af-98ec-042977e56f4b','2021-07-23 18:00:46','65a00f65-8460-49af-98ec-042977e56f4b','2021-07-23 18:00:46'),(51,'컨텐츠 단건 조회','/portal-service/api/v1/contents/?*','GET',54,'65a00f65-8460-49af-98ec-042977e56f4b','2021-07-23 18:00:46','65a00f65-8460-49af-98ec-042977e56f4b','2021-07-23 18:00:46'),(52,'컨텐츠 등록','/portal-service/api/v1/contents','POST',55,'65a00f65-8460-49af-98ec-042977e56f4b','2021-07-23 18:00:46','65a00f65-8460-49af-98ec-042977e56f4b','2021-07-23 18:00:46'),(53,'컨텐츠 수정','/portal-service/api/v1/contents/?*','PUT',56,'65a00f65-8460-49af-98ec-042977e56f4b','2021-07-23 18:00:46','65a00f65-8460-49af-98ec-042977e56f4b','2021-07-23 18:00:46'),(54,'컨텐츠 삭제','/portal-service/api/v1/contents/?*','DELETE',57,'65a00f65-8460-49af-98ec-042977e56f4b','2021-07-23 18:00:46','65a00f65-8460-49af-98ec-042977e56f4b','2021-07-23 18:00:46'),(55,'개인정보처리방침 페이지 목록 조회','/portal-service/api/v1/privacies','GET',58,'65a00f65-8460-49af-98ec-042977e56f4b','2021-07-26 11:37:36','65a00f65-8460-49af-98ec-042977e56f4b','2021-07-26 11:37:36'),(56,'개인정보처리방침 사용중 전체 목록 조회','/portal-service/api/v1/privacies/all/use','GET',59,'65a00f65-8460-49af-98ec-042977e56f4b','2021-07-26 11:37:36','65a00f65-8460-49af-98ec-042977e56f4b','2021-09-06 16:16:39'),(57,'개인정보처리방침 단건 조회','/portal-service/api/v1/privacies/?*','GET',60,'65a00f65-8460-49af-98ec-042977e56f4b','2021-07-26 11:37:36','65a00f65-8460-49af-98ec-042977e56f4b','2021-07-26 11:37:36'),(58,'개인정보처리방침 등록','/portal-service/api/v1/privacies','POST',61,'65a00f65-8460-49af-98ec-042977e56f4b','2021-07-26 11:37:36','65a00f65-8460-49af-98ec-042977e56f4b','2021-07-26 11:37:36'),(59,'개인정보처리방침 수정','/portal-service/api/v1/privacies/?*','PUT',62,'65a00f65-8460-49af-98ec-042977e56f4b','2021-07-26 11:37:36','65a00f65-8460-49af-98ec-042977e56f4b','2021-07-26 11:37:36'),(60,'개인정보처리방침 사용 여부 수정','/portal-service/api/v1/privacies/?*/?*','PUT',63,'65a00f65-8460-49af-98ec-042977e56f4b','2021-07-26 11:37:36','65a00f65-8460-49af-98ec-042977e56f4b','2021-07-26 11:37:36'),(61,'개인정보처리방침 삭제','/portal-service/api/v1/privacies/?*','DELETE',64,'65a00f65-8460-49af-98ec-042977e56f4b','2021-07-26 11:37:36','65a00f65-8460-49af-98ec-042977e56f4b','2021-07-26 11:37:36'),(62,'게시판 페이지 목록 조회','/board-service/api/v1/boards','GET',65,'65a00f65-8460-49af-98ec-042977e56f4b','2021-07-26 16:15:16','65a00f65-8460-49af-98ec-042977e56f4b','2021-07-26 16:15:16'),(63,'게시판 단건 조회','/board-service/api/v1/boards/?*','GET',66,'65a00f65-8460-49af-98ec-042977e56f4b','2021-07-26 16:15:16','65a00f65-8460-49af-98ec-042977e56f4b','2021-07-26 16:15:16'),(64,'게시판 등록','/board-service/api/v1/boards','POST',67,'65a00f65-8460-49af-98ec-042977e56f4b','2021-07-26 16:15:16','65a00f65-8460-49af-98ec-042977e56f4b','2021-07-26 16:15:16'),(65,'게시판 수정','/board-service/api/v1/boards/?*','PUT',68,'65a00f65-8460-49af-98ec-042977e56f4b','2021-07-26 16:15:16','65a00f65-8460-49af-98ec-042977e56f4b','2021-07-26 16:15:16'),(66,'게시판 삭제','/board-service/api/v1/boards/?*','DELETE',69,'65a00f65-8460-49af-98ec-042977e56f4b','2021-07-26 16:15:16','65a00f65-8460-49af-98ec-042977e56f4b','2021-07-26 16:15:16'),(67,'로그인 후 메뉴  조회','/portal-service/api/v1/menu-roles/?*','GET',70,'65a00f65-8460-49af-98ec-042977e56f4b','2021-07-27 19:09:05','87638675-11fa-49e5-9bd1-d2524bf6fa45','2021-08-17 16:00:10'),(68,'사이트 목록 조회','/portal-service/api/v1/sites','GET',71,'65a00f65-8460-49af-98ec-042977e56f4b','2021-07-27 19:48:53','87638675-11fa-49e5-9bd1-d2524bf6fa45','2021-08-03 10:06:18'),(70,'공통코드 상세 목록 조회(code 포함)','/portal-service/api/v1/code-details/?*/codes/?*','GET',50,'65a00f65-8460-49af-98ec-042977e56f4b','2021-07-28 16:22:14','65a00f65-8460-49af-98ec-042977e56f4b','2021-07-28 16:22:14'),(71,'상위공통코드 목록','/portal-service/api/v1/codes-parent','GET',21,'a2ebc791-7396-4e35-b771-30a4d50e0fdd','2021-07-29 15:03:41','a2ebc791-7396-4e35-b771-30a4d50e0fdd','2021-07-29 15:03:41'),(78,'권한 인가 다건 삭제','/user-service/api/v1/role-authorizations','PUT',17,'65a00f65-8460-49af-98ec-042977e56f4b','2021-08-02 09:06:40','65a00f65-8460-49af-98ec-042977e56f4b','2021-08-02 09:13:54'),(79,'코드의 부모코드 단건 조회','/portal-service/api/v1/code-details/?*/parent','GET',25,'a2ebc791-7396-4e35-b771-30a4d50e0fdd','2021-08-02 09:38:19','a2ebc791-7396-4e35-b771-30a4d50e0fdd','2021-08-02 09:40:08'),(81,'메뉴관리 트리 목록 조회','/portal-service/api/v1/menus/?*/tree','GET',81,'87638675-11fa-49e5-9bd1-d2524bf6fa45','2021-08-03 10:31:12','87638675-11fa-49e5-9bd1-d2524bf6fa45','2021-08-03 10:31:12'),(82,'메뉴관리 메뉴정보 한건 조회','/portal-service/api/v1/menus/?*','GET',82,'87638675-11fa-49e5-9bd1-d2524bf6fa45','2021-08-03 10:31:44','87638675-11fa-49e5-9bd1-d2524bf6fa45','2021-08-03 10:31:44'),(83,'메뉴관리 메뉴 추가','/portal-service/api/v1/menus','POST',83,'87638675-11fa-49e5-9bd1-d2524bf6fa45','2021-08-03 10:32:25','87638675-11fa-49e5-9bd1-d2524bf6fa45','2021-08-03 10:32:25'),(84,'메뉴 관리 순서 및 부모 메뉴 변경','/portal-service/api/v1/menus/tree','PUT',84,'87638675-11fa-49e5-9bd1-d2524bf6fa45','2021-08-03 10:33:26','87638675-11fa-49e5-9bd1-d2524bf6fa45','2021-08-03 10:33:26'),(85,'메뉴관리 메뉴 이름변경','/portal-service/api/v1/menus/?*/?*','PUT',85,'87638675-11fa-49e5-9bd1-d2524bf6fa45','2021-08-03 10:34:25','87638675-11fa-49e5-9bd1-d2524bf6fa45','2021-08-03 10:34:25'),(87,'메뉴관리 한건 메뉴정보 수정','/portal-service/api/v1/menus/?*','PUT',86,'','2021-08-03 10:37:03','87638675-11fa-49e5-9bd1-d2524bf6fa45','2021-08-03 10:38:40'),(88,'메뉴관리 한건 메뉴정보 삭제','/portal-service/api/v1/menus/?*','DELETE',87,'','2021-08-03 10:37:21','87638675-11fa-49e5-9bd1-d2524bf6fa45','2021-08-03 10:38:48'),(93,'권한별 메뉴관리 트리 목록 조회','/portal-service/api/v1/menu-roles/?*/?*','GET',92,'87638675-11fa-49e5-9bd1-d2524bf6fa45','2021-08-13 15:17:29','87638675-11fa-49e5-9bd1-d2524bf6fa45','2021-08-13 15:17:29'),(94,'권한별 메뉴 관리 저장','/portal-service/api/v1/menu-roles','POST',93,'87638675-11fa-49e5-9bd1-d2524bf6fa45','2021-08-16 14:46:34','87638675-11fa-49e5-9bd1-d2524bf6fa45','2021-08-16 14:46:34'),(99,'배너 페이지 목록 조회','/portal-service/api/v1/banners','GET',94,'65a00f65-8460-49af-98ec-042977e56f4b','2021-08-18 17:32:24','65a00f65-8460-49af-98ec-042977e56f4b','2021-08-18 17:32:24'),(100,'배너 단건 조회','/portal-service/api/v1/banners/?*','GET',95,'65a00f65-8460-49af-98ec-042977e56f4b','2021-08-18 17:32:24','65a00f65-8460-49af-98ec-042977e56f4b','2021-08-18 17:32:24'),(101,'배너 등록','/portal-service/api/v1/banners','POST',96,'65a00f65-8460-49af-98ec-042977e56f4b','2021-08-18 17:32:24','65a00f65-8460-49af-98ec-042977e56f4b','2021-08-18 17:32:24'),(102,'배너 수정','/portal-service/api/v1/banners/?*','PUT',97,'65a00f65-8460-49af-98ec-042977e56f4b','2021-08-18 17:32:24','65a00f65-8460-49af-98ec-042977e56f4b','2021-08-18 17:32:24'),(103,'배너 사용 여부 수정','/portal-service/api/v1/banners/?*/?*','PUT',98,'65a00f65-8460-49af-98ec-042977e56f4b','2021-08-18 17:32:24','65a00f65-8460-49af-98ec-042977e56f4b','2021-08-18 17:32:24'),(104,'배너 삭제','/portal-service/api/v1/banners/?*','DELETE',99,'65a00f65-8460-49af-98ec-042977e56f4b','2021-08-18 17:32:24','65a00f65-8460-49af-98ec-042977e56f4b','2021-08-18 17:32:24'),(107,'예약 지역 목록 조회','/reserve-item-service/api/v1/locations','GET',102,'87638675-11fa-49e5-9bd1-d2524bf6fa45','2021-09-03 11:24:15','87638675-11fa-49e5-9bd1-d2524bf6fa45','2021-09-03 11:24:15'),(108,'예약 지역 저장','/reserve-item-service/api/v1/locations','POST',103,'87638675-11fa-49e5-9bd1-d2524bf6fa45','2021-09-03 16:06:59','87638675-11fa-49e5-9bd1-d2524bf6fa45','2021-09-03 16:06:59'),(109,'배너 다음 정렬 순서 조회','/portal-service/api/v1/banners/?*/sort-seq/next','GET',104,'65a00f65-8460-49af-98ec-042977e56f4b','2021-09-06 10:23:06','87638675-11fa-49e5-9bd1-d2524bf6fa45','2021-10-12 17:01:50'),(110,'배너 유형별 목록 조회','/portal-service/api/v1/?*/banners/?*/?*','GET',105,'65a00f65-8460-49af-98ec-042977e56f4b','2021-09-06 10:45:51','87638675-11fa-49e5-9bd1-d2524bf6fa45','2021-10-12 17:31:16'),(111,'월별 접속 통계','/portal-service/api/v1/statistics/monthly/?*','GET',106,'87638675-11fa-49e5-9bd1-d2524bf6fa45','2021-09-06 17:53:47','87638675-11fa-49e5-9bd1-d2524bf6fa45','2021-09-06 17:53:47'),(112,'일별 접속 통계','/portal-service/api/v1/statistics/daily/?*','GET',107,'87638675-11fa-49e5-9bd1-d2524bf6fa45','2021-09-06 17:54:06','87638675-11fa-49e5-9bd1-d2524bf6fa45','2021-09-06 17:54:06'),(125,'접속통계로그 등록','/portal-service/api/v1/statistics/?*','POST',124,'a2ebc791-7396-4e35-b771-30a4d50e0fdd','2021-09-07 15:52:01','a2ebc791-7396-4e35-b771-30a4d50e0fdd','2021-09-07 16:18:15'),(126,'예약 지역 수정','/reserve-item-service/api/v1/locations/?*','PUT',125,'87638675-11fa-49e5-9bd1-d2524bf6fa45','2021-09-08 17:28:42','87638675-11fa-49e5-9bd1-d2524bf6fa45','2021-09-08 17:28:42'),(128,'예약 지역 한건 조회','/reserve-item-service/api/v1/locations/?*','GET',126,'87638675-11fa-49e5-9bd1-d2524bf6fa45','2021-09-09 13:19:17','87638675-11fa-49e5-9bd1-d2524bf6fa45','2021-09-09 13:19:17'),(141,'댓글 전체 목록 조회','/board-service/api/v1/comments/total/?*/?*','GET',127,'65a00f65-8460-49af-98ec-042977e56f4b','2021-09-09 16:53:31','65a00f65-8460-49af-98ec-042977e56f4b','2021-09-09 16:53:31'),(142,'댓글 전체 목록 조회(미삭제)','/board-service/api/v1/comments/all/?*/?*','GET',128,'65a00f65-8460-49af-98ec-042977e56f4b','2021-09-09 16:53:31','65a00f65-8460-49af-98ec-042977e56f4b','2021-09-09 16:53:31'),(143,'댓글 목록 조회','/board-service/api/v1/comments/?*/?*','GET',129,'65a00f65-8460-49af-98ec-042977e56f4b','2021-09-09 16:53:31','65a00f65-8460-49af-98ec-042977e56f4b','2021-09-09 16:53:31'),(144,'댓글 목록 조회(미삭제)','/board-service/api/v1/comments/list/?*/?*','GET',130,'65a00f65-8460-49af-98ec-042977e56f4b','2021-09-09 16:53:31','65a00f65-8460-49af-98ec-042977e56f4b','2021-09-09 16:53:31'),(145,'댓글 등록','/board-service/api/v1/comments','POST',131,'65a00f65-8460-49af-98ec-042977e56f4b','2021-09-09 16:53:31','65a00f65-8460-49af-98ec-042977e56f4b','2021-09-09 16:53:31'),(146,'댓글 수정','/board-service/api/v1/comments','PUT',132,'65a00f65-8460-49af-98ec-042977e56f4b','2021-09-09 16:53:31','65a00f65-8460-49af-98ec-042977e56f4b','2021-09-09 16:53:31'),(147,'댓글 삭제','/board-service/api/v1/comments/?*/?*/?*','DELETE',133,'65a00f65-8460-49af-98ec-042977e56f4b','2021-09-09 16:53:31','65a00f65-8460-49af-98ec-042977e56f4b','2021-09-09 16:53:31'),(148,'댓글 수정(작성자 체크)','/board-service/api/v1/comments/update','PUT',134,'65a00f65-8460-49af-98ec-042977e56f4b','2021-09-09 16:53:31','65a00f65-8460-49af-98ec-042977e56f4b','2021-09-09 16:53:31'),(149,'댓글 삭제(작성자 체크)','/board-service/api/v1/comments/delete/?*/?*/?*','DELETE',135,'65a00f65-8460-49af-98ec-042977e56f4b','2021-09-09 16:53:31','65a00f65-8460-49af-98ec-042977e56f4b','2021-09-09 16:53:31'),(150,'예약 물품 목록 조회','/reserve-item-service/api/v1/reserve-items','GET',136,'87638675-11fa-49e5-9bd1-d2524bf6fa45','2021-09-09 20:12:33','87638675-11fa-49e5-9bd1-d2524bf6fa45','2021-09-09 20:12:33'),(151,'예약 물품 한건 조회','/reserve-item-service/api/v1/reserve-items/?*','GET',137,'87638675-11fa-49e5-9bd1-d2524bf6fa45','2021-09-09 20:12:56','87638675-11fa-49e5-9bd1-d2524bf6fa45','2021-09-09 20:12:56'),(152,'예약 물품 한건 저장','/reserve-item-service/api/v1/reserve-items','POST',138,'87638675-11fa-49e5-9bd1-d2524bf6fa45','2021-09-09 20:13:17','87638675-11fa-49e5-9bd1-d2524bf6fa45','2021-09-09 20:13:17'),(153,'예약 물품 한건 수정','/reserve-item-service/api/v1/reserve-items/?*','PUT',139,'87638675-11fa-49e5-9bd1-d2524bf6fa45','2021-09-09 20:13:39','87638675-11fa-49e5-9bd1-d2524bf6fa45','2021-09-09 20:13:39'),(154,'게시물 페이지 목록 조회(삭제 포함)','/board-service/api/v1/posts/?*','GET',108,'65a00f65-8460-49af-98ec-042977e56f4b','2021-09-10 12:29:00','65a00f65-8460-49af-98ec-042977e56f4b','2021-09-10 12:29:00'),(155,'게시물 페이지 목록 조회(삭제 제외)','/board-service/api/v1/posts/list/?*','GET',109,'65a00f65-8460-49af-98ec-042977e56f4b','2021-09-10 12:29:00','65a00f65-8460-49af-98ec-042977e56f4b','2021-09-10 12:29:00'),(156,'게시물 단건 조회(삭제 포함)','/board-service/api/v1/posts/?*/?*','GET',110,'65a00f65-8460-49af-98ec-042977e56f4b','2021-09-10 12:29:00','65a00f65-8460-49af-98ec-042977e56f4b','2021-09-10 12:29:00'),(157,'게시물 단건 조회(삭제 제외)','/board-service/api/v1/posts/view/?*/?*','GET',111,'65a00f65-8460-49af-98ec-042977e56f4b','2021-09-10 12:29:00','65a00f65-8460-49af-98ec-042977e56f4b','2021-09-10 12:29:00'),(158,'게시물 등록','/board-service/api/v1/posts/?*','POST',112,'65a00f65-8460-49af-98ec-042977e56f4b','2021-09-10 12:29:00','65a00f65-8460-49af-98ec-042977e56f4b','2021-09-10 12:29:00'),(159,'게시물 수정','/board-service/api/v1/posts/?*/?*','PUT',113,'65a00f65-8460-49af-98ec-042977e56f4b','2021-09-10 12:29:00','65a00f65-8460-49af-98ec-042977e56f4b','2021-09-10 12:29:00'),(160,'게시물 다건 삭제','/board-service/api/v1/posts/remove','PUT',114,'65a00f65-8460-49af-98ec-042977e56f4b','2021-09-10 12:29:00','65a00f65-8460-49af-98ec-042977e56f4b','2021-09-10 12:29:00'),(161,'게시물 다건 복원','/board-service/api/v1/posts/restore','PUT',115,'65a00f65-8460-49af-98ec-042977e56f4b','2021-09-10 12:29:00','65a00f65-8460-49af-98ec-042977e56f4b','2021-09-10 12:29:00'),(162,'게시물 다건 완전 삭제','/board-service/api/v1/posts/delete','PUT',116,'65a00f65-8460-49af-98ec-042977e56f4b','2021-09-10 12:29:00','65a00f65-8460-49af-98ec-042977e56f4b','2021-09-10 12:29:00'),(163,'게시물 등록(작성자 체크)','/board-service/api/v1/posts/save/?*','POST',117,'65a00f65-8460-49af-98ec-042977e56f4b','2021-09-10 12:29:00','65a00f65-8460-49af-98ec-042977e56f4b','2021-09-10 12:29:00'),(164,'게시물 수정(작성자 체크)','/board-service/api/v1/posts/update/?*/?*','PUT',118,'65a00f65-8460-49af-98ec-042977e56f4b','2021-09-10 12:29:00','65a00f65-8460-49af-98ec-042977e56f4b','2021-09-10 12:29:00'),(165,'게시물 삭제(작성자 체크)','/board-service/api/v1/posts/remove/?*/?*','DELETE',119,'65a00f65-8460-49af-98ec-042977e56f4b','2021-09-10 12:29:00','65a00f65-8460-49af-98ec-042977e56f4b','2021-09-10 12:29:00'),(166,'최근 게시물 목록 조회','/board-service/api/v1/posts/newest/?*/?*','GET',120,'65a00f65-8460-49af-98ec-042977e56f4b','2021-09-10 12:29:00','65a00f65-8460-49af-98ec-042977e56f4b','2021-09-10 12:29:00'),(167,'사용자 이메일 중복 확인','/user-service/api/v1/users/exists','POST',140,'65a00f65-8460-49af-98ec-042977e56f4b','2021-09-13 14:05:07','65a00f65-8460-49af-98ec-042977e56f4b','2021-09-13 17:56:17'),(168,'예약 지역 삭제','/reserve-item-service/api/v1/locations/?*','DELETE',141,'87638675-11fa-49e5-9bd1-d2524bf6fa45','2021-09-13 14:13:37','87638675-11fa-49e5-9bd1-d2524bf6fa45','2021-09-13 14:13:37'),(169,'사용자 회원 가입','/user-service/api/v1/users/join','POST',142,'65a00f65-8460-49af-98ec-042977e56f4b','2021-09-13 17:04:34','65a00f65-8460-49af-98ec-042977e56f4b','2021-09-13 17:04:34'),(170,'사용자 비밀번호 찾기','/user-service/api/v1/users/password/find','POST',143,'65a00f65-8460-49af-98ec-042977e56f4b','2021-09-14 13:22:44','65a00f65-8460-49af-98ec-042977e56f4b','2021-09-15 14:45:19'),(171,'사용자 비밀번호 찾기 유효성 확인','/user-service/api/v1/users/password/valid/?*','GET',144,'65a00f65-8460-49af-98ec-042977e56f4b','2021-09-15 12:32:35','65a00f65-8460-49af-98ec-042977e56f4b','2021-09-15 14:45:30'),(172,'사용자 비밀번호 찾기 변경','/user-service/api/v1/users/password/change','PUT',145,'65a00f65-8460-49af-98ec-042977e56f4b','2021-09-15 14:46:18','65a00f65-8460-49af-98ec-042977e56f4b','2021-09-16 10:58:14'),(173,'예약 신청 목록 조회','/reserve-check-service/api/v1/reserves','GET',146,'87638675-11fa-49e5-9bd1-d2524bf6fa45','2021-09-15 15:15:09','87638675-11fa-49e5-9bd1-d2524bf6fa45','2021-09-24 15:54:31'),(174,'사용자 예약 신청','/reserve-request-service/api/v1/requests','POST',147,'87638675-11fa-49e5-9bd1-d2524bf6fa45','2021-09-16 09:46:55','87638675-11fa-49e5-9bd1-d2524bf6fa45','2021-09-16 09:46:55'),(175,'사용자 비밀번호 변경','/user-service/api/v1/users/password/update','PUT',148,'65a00f65-8460-49af-98ec-042977e56f4b','2021-09-16 10:57:59','65a00f65-8460-49af-98ec-042977e56f4b','2021-09-16 10:57:59'),(176,'사용자 비밀번호 확인','/user-service/api/v1/users/password/match','POST',149,'65a00f65-8460-49af-98ec-042977e56f4b','2021-09-16 14:45:41','65a00f65-8460-49af-98ec-042977e56f4b','2021-09-16 14:45:41'),(177,'예약지역 사용여부 토글','/reserve-item-service/api/v1/locations/?*/?*','PUT',150,'87638675-11fa-49e5-9bd1-d2524bf6fa45','2021-09-16 15:11:24','87638675-11fa-49e5-9bd1-d2524bf6fa45','2021-09-16 15:11:24'),(178,'사용자 정보 수정','/user-service/api/v1/users/info/?*','PUT',151,'65a00f65-8460-49af-98ec-042977e56f4b','2021-09-16 17:09:28','65a00f65-8460-49af-98ec-042977e56f4b','2021-09-16 17:09:28'),(179,'사용자 회원탈퇴','/user-service/api/v1/users/leave','POST',152,'65a00f65-8460-49af-98ec-042977e56f4b','2021-09-17 09:31:01','65a00f65-8460-49af-98ec-042977e56f4b','2021-09-17 09:43:45'),(180,'사용자 삭제','/user-service/api/v1/users/delete/?*','DELETE',153,'65a00f65-8460-49af-98ec-042977e56f4b','2021-09-23 13:05:29','65a00f65-8460-49af-98ec-042977e56f4b','2021-09-23 13:21:56'),(181,'사용자별 예약 목록 조회','/reserve-check-service/api/v1/?*/reserves','GET',154,'87638675-11fa-49e5-9bd1-d2524bf6fa45','2021-09-24 15:55:00','87638675-11fa-49e5-9bd1-d2524bf6fa45','2021-09-24 15:55:00'),(182,'예약 정보 한건 조회','/reserve-check-service/api/v1/reserves/?*','GET',155,'87638675-11fa-49e5-9bd1-d2524bf6fa45','2021-09-24 15:55:32','87638675-11fa-49e5-9bd1-d2524bf6fa45','2021-09-24 15:55:32'),(183,'관리자용 예약 신청 등록','/reserve-check-service/api/v1/reserves','POST',156,'87638675-11fa-49e5-9bd1-d2524bf6fa45','2021-09-24 15:55:58','87638675-11fa-49e5-9bd1-d2524bf6fa45','2021-09-24 15:55:58'),(184,'예약 취소','/reserve-check-service/api/v1/reserves/cancel/?*','PUT',157,'87638675-11fa-49e5-9bd1-d2524bf6fa45','2021-09-24 15:56:38','87638675-11fa-49e5-9bd1-d2524bf6fa45','2021-09-24 15:56:38'),(185,'예약 승인','/reserve-check-service/api/v1/reserves/approve/?*','PUT',158,'87638675-11fa-49e5-9bd1-d2524bf6fa45','2021-09-24 15:56:53','87638675-11fa-49e5-9bd1-d2524bf6fa45','2021-10-06 15:11:28'),(186,'예약 정보 수정','/reserve-check-service/api/v1/reserves/?*','PUT',159,'87638675-11fa-49e5-9bd1-d2524bf6fa45','2021-09-24 15:57:08','87638675-11fa-49e5-9bd1-d2524bf6fa45','2021-09-24 15:57:08'),(187,'예약 물품 한건 모든 정보 조회','/reserve-item-service/api/v1/reserve-items/relations/?*','GET',160,'87638675-11fa-49e5-9bd1-d2524bf6fa45','2021-09-25 21:29:31','87638675-11fa-49e5-9bd1-d2524bf6fa45','2021-09-25 21:29:31'),(188,'예약 물품 목록 사용자 조회','/reserve-item-service/api/v1/?*/reserve-items','GET',161,'87638675-11fa-49e5-9bd1-d2524bf6fa45','2021-09-27 15:56:22','87638675-11fa-49e5-9bd1-d2524bf6fa45','2021-09-27 15:56:22'),(189,'예약 물품 재고 수량 조회','/reserve-check-service/api/v1/reserves/?*/inventories','GET',162,'87638675-11fa-49e5-9bd1-d2524bf6fa45','2021-09-29 15:11:43','87638675-11fa-49e5-9bd1-d2524bf6fa45','2021-10-06 16:57:27'),(190,'예약 신청 성공 여부','/reserve-request-service/api/v1/requests/direct/?*','GET',163,'87638675-11fa-49e5-9bd1-d2524bf6fa45','2021-10-01 09:54:00','87638675-11fa-49e5-9bd1-d2524bf6fa45','2021-10-01 09:57:30'),(191,'예약 물품 사용여부 수정','/reserve-item-service/api/v1/reserve-items/?*/?*','PUT',164,'87638675-11fa-49e5-9bd1-d2524bf6fa45','2021-10-07 11:12:30','87638675-11fa-49e5-9bd1-d2524bf6fa45','2021-10-07 11:12:30'),(192,'첨부파일 다 건 삭제','/portal-service/api/v1/attachments/?*/children','DELETE',165,'87638675-11fa-49e5-9bd1-d2524bf6fa45','2021-10-08 14:03:48','87638675-11fa-49e5-9bd1-d2524bf6fa45','2021-10-08 14:03:48'),(193,'유형별 예약물품 최신데이터 조회','/reserve-item-service/api/v1/reserve-items/latest/?*','GET',166,'87638675-11fa-49e5-9bd1-d2524bf6fa45','2021-10-13 11:20:48','87638675-11fa-49e5-9bd1-d2524bf6fa45','2021-10-13 11:20:48'),(194,'사용자 예약 신청 - 심사','/reserve-request-service/api/v1/requests/evaluates','POST',167,'87638675-11fa-49e5-9bd1-d2524bf6fa45','2021-10-14 16:27:20','87638675-11fa-49e5-9bd1-d2524bf6fa45','2021-10-14 17:12:02'),(195,'사용자 소셜 정보 조회','/user-service/api/v1/users/social','POST',168,'65a00f65-8460-49af-98ec-042977e56f4b','2021-10-22 18:03:32','65a00f65-8460-49af-98ec-042977e56f4b','2021-10-22 18:03:32');
/*!40000 ALTER TABLE `authorization` ENABLE KEYS */;
UNLOCK TABLES;

--
-- Table structure for table `banner`
--

DROP TABLE IF EXISTS `banner`;
/*!40101 SET @saved_cs_client     = @@character_set_client */;
/*!50503 SET character_set_client = utf8mb4 */;
CREATE TABLE `banner` (
  `banner_no` int(9) NOT NULL AUTO_INCREMENT COMMENT '배너 번호',
  `banner_type_code` varchar(20) NOT NULL COMMENT '배너 구분 코드',
  `banner_title` varchar(50) NOT NULL COMMENT '배너 제목',
  `attachment_code` varchar(255) NOT NULL COMMENT '첨부파일 코드',
  `url_addr` varchar(500) DEFAULT NULL COMMENT 'url 주소',
  `banner_content` varchar(2000) DEFAULT NULL COMMENT '배너 내용',
  `use_at` tinyint(1) NOT NULL DEFAULT '1' COMMENT '사용 여부',
  `created_by` varchar(255) NOT NULL COMMENT '생성자 id',
  `created_date` datetime NOT NULL DEFAULT CURRENT_TIMESTAMP COMMENT '생성 일시',
  `last_modified_by` varchar(255) NOT NULL COMMENT '최종 수정자 id',
  `modified_date` datetime NOT NULL DEFAULT CURRENT_TIMESTAMP COMMENT '수정 일시',
  `new_window_at` tinyint(1) NOT NULL DEFAULT '0' COMMENT '새 창 여부',
  `sort_seq` mediumint(5) NOT NULL DEFAULT '99999' COMMENT '정렬 순서',
  `site_id` bigint(20) DEFAULT NULL COMMENT '사이트 id',
  PRIMARY KEY (`banner_no`),
  KEY `banner_FK` (`site_id`),
  CONSTRAINT `banner_FK` FOREIGN KEY (`site_id`) REFERENCES `site` (`site_id`)
) ENGINE=InnoDB DEFAULT CHARSET=utf8mb4 COMMENT='배너';
/*!40101 SET character_set_client = @saved_cs_client */;


--
-- Table structure for table `board`
--

DROP TABLE IF EXISTS `board`;
/*!40101 SET @saved_cs_client     = @@character_set_client */;
/*!50503 SET character_set_client = utf8mb4 */;
CREATE TABLE `board` (
  `board_no` int(9) NOT NULL AUTO_INCREMENT COMMENT '게시판 번호',
  `board_name` varchar(100) CHARACTER SET utf8 NOT NULL COMMENT '게시판 명',
  `skin_type_code` varchar(20) CHARACTER SET utf8 NOT NULL COMMENT '스킨 유형 코드',
  `title_display_length` mediumint(5) NOT NULL COMMENT '제목 표시 길이',
  `post_display_count` mediumint(5) NOT NULL COMMENT '게시물 표시 수',
  `page_display_count` mediumint(5) NOT NULL COMMENT '페이지 표시 수',
  `new_display_day_count` mediumint(5) NOT NULL COMMENT '신규 표시 일 수',
  `editor_use_at` tinyint(1) NOT NULL DEFAULT '1' COMMENT '에디터 사용 여부',
  `upload_use_at` tinyint(1) NOT NULL DEFAULT '1' COMMENT '업로드 사용 여부',
  `upload_limit_count` mediumint(5) DEFAULT NULL COMMENT '업로드 파일 수',
  `upload_limit_size` bigint(20) DEFAULT NULL COMMENT '업로드 제한 크기',
  `created_by` varchar(255) CHARACTER SET utf8 NOT NULL COMMENT '생성자 id',
  `created_date` datetime NOT NULL DEFAULT CURRENT_TIMESTAMP COMMENT '생성 일시',
  `last_modified_by` varchar(255) CHARACTER SET utf8 NOT NULL COMMENT '수정자 id',
  `modified_date` datetime NOT NULL DEFAULT CURRENT_TIMESTAMP COMMENT '수정 일시',
  `comment_use_at` tinyint(1) NOT NULL DEFAULT '1' COMMENT '댓글 사용 여부',
  `user_write_at` tinyint(1) NOT NULL DEFAULT '0' COMMENT '사용자 생성 여부',
  PRIMARY KEY (`board_no`)
) ENGINE=InnoDB AUTO_INCREMENT=5 DEFAULT CHARSET=utf8mb4 COMMENT='게시판';
/*!40101 SET character_set_client = @saved_cs_client */;

--
-- Dumping data for table `board`
--

LOCK TABLES `board` WRITE;
/*!40000 ALTER TABLE `board` DISABLE KEYS */;
INSERT INTO `board` VALUES (1,'공지사항','normal',50,10,10,3,1,1,3,10240000,'65a00f65-8460-49af-98ec-042977e56f4b','2021-10-08 09:18:57','65a00f65-8460-49af-98ec-042977e56f4b','2021-10-08 09:18:57',0,0),(2,'자료실','normal',50,10,10,3,1,1,3,10240000,'65a00f65-8460-49af-98ec-042977e56f4b','2021-10-08 09:18:57','65a00f65-8460-49af-98ec-042977e56f4b','2021-10-08 09:18:57',0,0),(3,'묻고 답하기','qna',50,10,10,3,1,1,3,10240000,'65a00f65-8460-49af-98ec-042977e56f4b','2021-10-08 09:18:57','87638675-11fa-49e5-9bd1-d2524bf6fa45','2021-10-12 10:56:07',1,1),(4,'자주 묻는 질문','faq',50,10,10,3,1,1,3,10240000,'65a00f65-8460-49af-98ec-042977e56f4b','2021-10-08 09:18:57','65a00f65-8460-49af-98ec-042977e56f4b','2021-10-08 09:25:07',0,0);
/*!40000 ALTER TABLE `board` ENABLE KEYS */;
UNLOCK TABLES;

--
-- Table structure for table `code`
--

DROP TABLE IF EXISTS `code`;
/*!40101 SET @saved_cs_client     = @@character_set_client */;
/*!50503 SET character_set_client = utf8mb4 */;
CREATE TABLE `code` (
  `code_id` varchar(20) NOT NULL COMMENT '코드 id',
  `created_date` datetime(6) DEFAULT NULL COMMENT '생성 일시',
  `modified_date` datetime(6) DEFAULT NULL COMMENT '수정 일시',
  `created_by` varchar(255) DEFAULT NULL COMMENT '생성자 id',
  `last_modified_by` varchar(255) DEFAULT NULL COMMENT '수정자 id',
  `code_description` varchar(500) DEFAULT NULL COMMENT '코드 설명',
  `code_name` varchar(500) NOT NULL COMMENT '코드 명',
  `parent_code_id` varchar(20) DEFAULT NULL COMMENT '부모 코드 id',
  `readonly_at` bit(1) NOT NULL COMMENT '읽기전용 여부',
  `sort_seq` smallint(3) DEFAULT NULL COMMENT '정렬 순서',
  `use_at` bit(1) NOT NULL COMMENT '사용 여부',
  PRIMARY KEY (`code_id`)
) ENGINE=InnoDB DEFAULT CHARSET=utf8mb4 COMMENT='코드';
/*!40101 SET character_set_client = @saved_cs_client */;

--
-- Dumping data for table `code`
--

LOCK TABLES `code` WRITE;
/*!40000 ALTER TABLE `code` DISABLE KEYS */;
INSERT INTO `code` VALUES ('00','2021-09-17 09:19:19.202000','2021-09-17 09:19:19.202000','65a00f65-8460-49af-98ec-042977e56f4b','65a00f65-8460-49af-98ec-042977e56f4b','대기','대기','user_state_code',_binary '\0',2,_binary ''),('0001',NULL,NULL,NULL,NULL,'메인배너','메인배너','banner_type_code',_binary '',1,_binary ''),('0002',NULL,NULL,NULL,NULL,'하단배너','하단배너','banner_type_code',_binary '',2,_binary ''),('0003',NULL,NULL,NULL,NULL,'협력기업','협력기업','banner_type_code',_binary '',3,_binary ''),('01','2021-09-17 09:18:53.159000','2021-09-17 09:18:53.159000','65a00f65-8460-49af-98ec-042977e56f4b','65a00f65-8460-49af-98ec-042977e56f4b','정상','정상','user_state_code',_binary '\0',1,_binary ''),('07','2021-09-17 09:19:53.782000','2021-09-17 09:19:53.782000','65a00f65-8460-49af-98ec-042977e56f4b','65a00f65-8460-49af-98ec-042977e56f4b','정지','정지','user_state_code',_binary '\0',3,_binary ''),('08','2021-09-17 09:19:39.176000','2021-09-17 09:19:39.176000','65a00f65-8460-49af-98ec-042977e56f4b','65a00f65-8460-49af-98ec-042977e56f4b','탈퇴','탈퇴','user_state_code',_binary '\0',4,_binary ''),('09',NULL,NULL,NULL,NULL,'삭제','삭제','user_state_code',_binary '\0',5,_binary ''),('approve','2021-09-23 09:06:18.403000','2021-09-23 09:07:49.540000','87638675-11fa-49e5-9bd1-d2524bf6fa45','87638675-11fa-49e5-9bd1-d2524bf6fa45','예약 승인 ','예약 완료','reserve-status',_binary '\0',2,_binary ''),('banner_type_code','2021-09-17 09:16:37.774000','2021-09-17 09:17:52.439000','65a00f65-8460-49af-98ec-042977e56f4b','65a00f65-8460-49af-98ec-042977e56f4b','배너 유형 코드','배너 유형 코드',NULL,_binary '\0',0,_binary ''),('board','2021-08-03 13:52:04.094000','2021-08-03 13:52:53.571000','87638675-11fa-49e5-9bd1-d2524bf6fa45','87638675-11fa-49e5-9bd1-d2524bf6fa45','게시판','게시판','menutype',_binary '\0',3,_binary ''),('bottom','2021-10-13 17:12:30.502000','2021-10-13 17:12:30.502000','87638675-11fa-49e5-9bd1-d2524bf6fa45','87638675-11fa-49e5-9bd1-d2524bf6fa45','하단메뉴출력시','하단메뉴','menutype',_binary '\0',6,_binary ''),('cancel','2021-09-23 09:06:40.019000','2021-09-23 09:07:58.761000','87638675-11fa-49e5-9bd1-d2524bf6fa45','87638675-11fa-49e5-9bd1-d2524bf6fa45','예약 취소','예약 취소','reserve-status',_binary '\0',3,_binary ''),('contents','2021-08-03 10:02:50.746000','2021-10-19 16:13:04.712000','87638675-11fa-49e5-9bd1-d2524bf6fa45','87638675-11fa-49e5-9bd1-d2524bf6fa45','컨텐츠','컨텐츠','menutype',_binary '\0',2,_binary ''),('coporation','2021-09-18 18:50:49.821000','2021-09-18 18:51:16.314000','87638675-11fa-49e5-9bd1-d2524bf6fa45','87638675-11fa-49e5-9bd1-d2524bf6fa45','예약 물품 이용 대상 - 기업','기업','reserve-target',_binary '\0',3,_binary ''),('DELETE',NULL,NULL,NULL,NULL,'Http Method DELETE','DELETE','http_method_code',_binary '',4,_binary ''),('done','2021-09-24 10:45:17.398000','2021-09-24 10:45:17.398000','87638675-11fa-49e5-9bd1-d2524bf6fa45','87638675-11fa-49e5-9bd1-d2524bf6fa45','예약 실행 완료','예약 실행 완료','reserve-status',_binary '\0',4,_binary ''),('education','2021-09-18 18:41:47.425000','2021-09-18 18:41:47.425000','87638675-11fa-49e5-9bd1-d2524bf6fa45','87638675-11fa-49e5-9bd1-d2524bf6fa45','예약 물품 유형 - 교육','교육','reserve-category',_binary '\0',1,_binary ''),('empty','2021-08-03 10:02:05.536000','2021-08-03 13:52:39.650000','87638675-11fa-49e5-9bd1-d2524bf6fa45','87638675-11fa-49e5-9bd1-d2524bf6fa45','빈메뉴','빈메뉴','menutype',_binary '\0',1,_binary ''),('equipment','2021-09-18 18:42:12.689000','2021-09-18 18:42:12.689000','87638675-11fa-49e5-9bd1-d2524bf6fa45','87638675-11fa-49e5-9bd1-d2524bf6fa45','예약 물품 유형 - 장비','장비','reserve-category',_binary '\0',2,_binary ''),('evaluate','2021-09-18 18:48:40.523000','2021-09-18 18:48:40.523000','87638675-11fa-49e5-9bd1-d2524bf6fa45','87638675-11fa-49e5-9bd1-d2524bf6fa45','예약 선별 방법 - 심사','심사','reserve-selection',_binary '\0',2,_binary ''),('external','2021-09-18 18:46:13.898000','2021-09-18 18:46:13.898000','87638675-11fa-49e5-9bd1-d2524bf6fa45','87638675-11fa-49e5-9bd1-d2524bf6fa45','예약 구분 - 외부링크 안내','외부링크 안내','reserve-means',_binary '\0',2,_binary ''),('faq',NULL,NULL,NULL,NULL,'FAQ 게시판','FAQ 게시판','skin_type_code',_binary '',2,_binary ''),('fcfs','2021-09-18 18:47:17.101000','2021-09-18 18:47:17.101000','87638675-11fa-49e5-9bd1-d2524bf6fa45','87638675-11fa-49e5-9bd1-d2524bf6fa45','예약 선별 방법 - 선착순','선착순','reserve-selection',_binary '\0',1,_binary ''),('GET',NULL,NULL,NULL,NULL,'Http Method GET','GET','http_method_code',_binary '',1,_binary ''),('group','2021-09-18 18:51:50.087000','2021-09-18 18:51:50.087000','87638675-11fa-49e5-9bd1-d2524bf6fa45','87638675-11fa-49e5-9bd1-d2524bf6fa45','예약 물품 이용 대상 - 단체','단체','reserve-target',_binary '\0',4,_binary ''),('http_method_code',NULL,NULL,NULL,NULL,'Http Method','Http Method',NULL,_binary '',3,_binary ''),('inside','2021-08-03 10:03:28.699000','2021-08-03 13:53:00.966000','87638675-11fa-49e5-9bd1-d2524bf6fa45','87638675-11fa-49e5-9bd1-d2524bf6fa45','내부링크','내부링크','menutype',_binary '\0',4,_binary ''),('internet','2021-09-18 18:43:30.848000','2021-09-18 18:43:30.848000','87638675-11fa-49e5-9bd1-d2524bf6fa45','87638675-11fa-49e5-9bd1-d2524bf6fa45','예약 방법 - 인터넷','인터넷','reserve-method',_binary '\0',1,_binary ''),('menutype','2021-08-03 13:49:00.019000','2021-10-19 16:13:37.398000','87638675-11fa-49e5-9bd1-d2524bf6fa45','87638675-11fa-49e5-9bd1-d2524bf6fa45','메뉴유형','메뉴유형',NULL,_binary '\0',0,_binary ''),('no-limit','2021-09-18 18:49:36.128000','2021-09-18 18:49:36.128000','87638675-11fa-49e5-9bd1-d2524bf6fa45','87638675-11fa-49e5-9bd1-d2524bf6fa45','예약 물품 이용 대상 - 제한없음','제한없음','reserve-target',_binary '\0',1,_binary ''),('normal',NULL,NULL,NULL,NULL,'일반 게시판','일반 게시판','skin_type_code',_binary '',1,_binary ''),('outside','2021-08-03 10:03:44.314000','2021-08-03 13:53:07.037000','87638675-11fa-49e5-9bd1-d2524bf6fa45','87638675-11fa-49e5-9bd1-d2524bf6fa45','외부링크','외부링크','menutype',_binary '\0',5,_binary ''),('personal','2021-09-18 18:50:12.735000','2021-09-18 18:51:07.247000','87638675-11fa-49e5-9bd1-d2524bf6fa45','87638675-11fa-49e5-9bd1-d2524bf6fa45','예약 물품 이용 대상 - 개인','개인','reserve-target',_binary '\0',2,_binary ''),('phone','2021-09-18 18:44:28.478000','2021-09-18 18:44:28.478000','87638675-11fa-49e5-9bd1-d2524bf6fa45','87638675-11fa-49e5-9bd1-d2524bf6fa45','예약 방법 - 전화','전화','reserve-method',_binary '\0',2,_binary ''),('policy','2021-08-03 10:00:10.351000','2021-08-03 14:34:22.955000','87638675-11fa-49e5-9bd1-d2524bf6fa45','a2ebc791-7396-4e35-b771-30a4d50e0fdd','이용약관/개인정보처리동의','이용약관/개인정보처리동의',NULL,_binary '\0',0,_binary ''),('POST',NULL,NULL,NULL,NULL,'Http Method POST','POST','http_method_code',_binary '',2,_binary ''),('PP','2021-08-03 10:01:11.039000','2021-08-03 10:01:11.039000','87638675-11fa-49e5-9bd1-d2524bf6fa45','87638675-11fa-49e5-9bd1-d2524bf6fa45','개인정보처리동의','개인정보처리동의','policy',_binary '\0',NULL,_binary ''),('public-institution','2021-09-18 18:53:12.959000','2021-09-18 18:53:12.959000','87638675-11fa-49e5-9bd1-d2524bf6fa45','87638675-11fa-49e5-9bd1-d2524bf6fa45','예약 물품 이용 대상 - 공공기관','공공기관','reserve-target',_binary '\0',6,_binary ''),('PUT',NULL,NULL,NULL,NULL,'Http Method PUT','PUT','http_method_code',_binary '',3,_binary ''),('qna',NULL,NULL,NULL,NULL,'Q&A 게시판','Q&A 게시판','skin_type_code',_binary '',3,_binary ''),('realtime','2021-09-18 18:45:48.307000','2021-09-18 18:45:48.307000','87638675-11fa-49e5-9bd1-d2524bf6fa45','87638675-11fa-49e5-9bd1-d2524bf6fa45','예약 구분 - 실시간 예약','실시간 예약','reserve-means',_binary '\0',1,_binary ''),('request','2021-09-23 09:05:46.900000','2021-09-23 09:07:39.087000','87638675-11fa-49e5-9bd1-d2524bf6fa45','87638675-11fa-49e5-9bd1-d2524bf6fa45','예약 신청 시','예약 대기','reserve-status',_binary '\0',1,_binary ''),('reserve-category','2021-09-18 18:36:45.551000','2021-09-18 18:36:45.551000','87638675-11fa-49e5-9bd1-d2524bf6fa45','87638675-11fa-49e5-9bd1-d2524bf6fa45','예약 물품 유형','예약 물품 유형',NULL,_binary '\0',0,_binary ''),('reserve-means','2021-09-18 18:37:34.319000','2021-09-18 18:37:34.319000','87638675-11fa-49e5-9bd1-d2524bf6fa45','87638675-11fa-49e5-9bd1-d2524bf6fa45','예약 구분','예약 구분',NULL,_binary '\0',0,_binary ''),('reserve-method','2021-09-18 18:37:14.540000','2021-09-18 18:37:14.540000','87638675-11fa-49e5-9bd1-d2524bf6fa45','87638675-11fa-49e5-9bd1-d2524bf6fa45','예약 방법','예약 방법',NULL,_binary '\0',0,_binary ''),('reserve-selection','2021-09-18 18:38:03.279000','2021-09-18 18:38:03.279000','87638675-11fa-49e5-9bd1-d2524bf6fa45','87638675-11fa-49e5-9bd1-d2524bf6fa45','예약 선별 방법','예약 선별 방법',NULL,_binary '\0',0,_binary ''),('reserve-status','2021-09-23 09:04:08.433000','2021-09-23 09:04:08.433000','87638675-11fa-49e5-9bd1-d2524bf6fa45','87638675-11fa-49e5-9bd1-d2524bf6fa45','예약 상태','예약 상태',NULL,_binary '\0',0,_binary ''),('reserve-target','2021-09-18 18:38:38.740000','2021-09-18 18:38:38.740000','87638675-11fa-49e5-9bd1-d2524bf6fa45','87638675-11fa-49e5-9bd1-d2524bf6fa45','예약 물품 이용 대상','예약 물품 이용 대상',NULL,_binary '\0',0,_binary ''),('skin_type_code','2021-09-17 09:17:34.864000','2021-09-17 09:17:34.864000','65a00f65-8460-49af-98ec-042977e56f4b','65a00f65-8460-49af-98ec-042977e56f4b','게시판 스킨 유형 코드','게시판 스킨 유형 코드',NULL,_binary '\0',0,_binary ''),('space','2021-09-18 18:42:35.472000','2021-09-18 18:42:35.472000','87638675-11fa-49e5-9bd1-d2524bf6fa45','87638675-11fa-49e5-9bd1-d2524bf6fa45','예약 물품 유형 - 공간','공간','reserve-category',_binary '\0',3,_binary ''),('teenager','2021-09-18 18:52:24.869000','2021-09-18 18:52:24.869000','87638675-11fa-49e5-9bd1-d2524bf6fa45','87638675-11fa-49e5-9bd1-d2524bf6fa45','예약 물품 이용 대상 - 청소년','청소년','reserve-target',_binary '\0',5,_binary ''),('TOS','2021-08-03 10:00:47.206000','2021-08-03 10:00:47.206000','87638675-11fa-49e5-9bd1-d2524bf6fa45','87638675-11fa-49e5-9bd1-d2524bf6fa45','이용약관','이용약관','policy',_binary '\0',NULL,_binary ''),('user_state_code','2021-09-17 09:18:28.864000','2021-09-17 09:18:28.864000','65a00f65-8460-49af-98ec-042977e56f4b','65a00f65-8460-49af-98ec-042977e56f4b','회원 상태 코드','회원 상태 코드',NULL,_binary '\0',0,_binary ''),('visit','2021-09-18 18:44:44.666000','2021-09-18 18:44:44.666000','87638675-11fa-49e5-9bd1-d2524bf6fa45','87638675-11fa-49e5-9bd1-d2524bf6fa45','예약 방법 - 방문','방문','reserve-method',_binary '\0',3,_binary '');
/*!40000 ALTER TABLE `code` ENABLE KEYS */;
UNLOCK TABLES;

--
-- Table structure for table `comment`
--

DROP TABLE IF EXISTS `comment`;
/*!40101 SET @saved_cs_client     = @@character_set_client */;
/*!50503 SET character_set_client = utf8mb4 */;
CREATE TABLE `comment` (
  `board_no` int(9) NOT NULL COMMENT '게시판 번호',
  `posts_no` int(9) NOT NULL COMMENT '게시물 번호',
  `comment_no` int(9) NOT NULL COMMENT '댓글 번호',
  `comment_content` varchar(2000) NOT NULL COMMENT '댓글 내용',
  `group_no` int(9) NOT NULL COMMENT '그룹 번호',
  `parent_comment_no` int(9) DEFAULT NULL COMMENT '부모 댓글 번호',
  `depth_seq` smallint(3) NOT NULL DEFAULT '0' COMMENT '깊이 순서',
  `sort_seq` int(9) NOT NULL COMMENT '정렬 순서',
  `delete_at` tinyint(1) NOT NULL DEFAULT '0' COMMENT '삭제 여부',
  `created_by` varchar(255) NOT NULL COMMENT '생성자 id',
  `created_date` datetime NOT NULL DEFAULT CURRENT_TIMESTAMP COMMENT '생성 일시',
  `last_modified_by` varchar(255) NOT NULL COMMENT '최종 수정자 id',
  `modified_date` datetime NOT NULL DEFAULT CURRENT_TIMESTAMP COMMENT '수정 일시',
  PRIMARY KEY (`board_no`,`posts_no`,`comment_no`),
  KEY `comment_FK02` (`created_by`),
  KEY `comment_FK03` (`last_modified_by`),
  KEY `comment_IDX01` (`board_no`,`posts_no`,`parent_comment_no`) USING BTREE,
  KEY `comment_IDX02` (`board_no`,`posts_no`,`group_no`,`sort_seq`) USING BTREE,
  CONSTRAINT `comment_FK01` FOREIGN KEY (`board_no`, `posts_no`) REFERENCES `posts` (`board_no`, `posts_no`) ON DELETE CASCADE,
  CONSTRAINT `comment_FK02` FOREIGN KEY (`created_by`) REFERENCES `user` (`user_id`),
  CONSTRAINT `comment_FK03` FOREIGN KEY (`last_modified_by`) REFERENCES `user` (`user_id`)
) ENGINE=InnoDB DEFAULT CHARSET=utf8mb4 COMMENT='댓글';
/*!40101 SET character_set_client = @saved_cs_client */;


--
-- Table structure for table `content`
--

DROP TABLE IF EXISTS `content`;
/*!40101 SET @saved_cs_client     = @@character_set_client */;
/*!50503 SET character_set_client = utf8mb4 */;
CREATE TABLE `content` (
  `content_no` int(9) NOT NULL AUTO_INCREMENT COMMENT '컨텐츠 번호',
  `content_name` varchar(100) NOT NULL COMMENT '컨텐츠 명',
  `content_remark` varchar(200) DEFAULT NULL COMMENT '컨텐츠 비고',
  `content_value` longtext NOT NULL COMMENT '컨텐츠 값',
  `created_by` varchar(255) NOT NULL COMMENT '생성자 id',
  `created_date` datetime NOT NULL DEFAULT CURRENT_TIMESTAMP COMMENT '생성 일시',
  `last_modified_by` varchar(255) NOT NULL COMMENT '최종 수정자 id',
  `modified_date` datetime NOT NULL DEFAULT CURRENT_TIMESTAMP COMMENT '수정 일시',
  PRIMARY KEY (`content_no`)
) ENGINE=InnoDB AUTO_INCREMENT=5 DEFAULT CHARSET=utf8mb4 COMMENT='컨텐츠';
/*!40101 SET character_set_client = @saved_cs_client */;

--
-- Dumping data for table `content`
--

LOCK TABLES `content` WRITE;
/*!40000 ALTER TABLE `content` DISABLE KEYS */;
INSERT INTO `content` VALUES (1,'소개','소개 설명','<h3><strong> 등장배경 및 목적</strong></h3><p>개발프레임워크는 정보시스템 개발을 위해 필요한 기능 및 아키텍처를 미리 만들어 제공함으로써 효율적인 어플리케이션 구축을 지원합니다. “전자정부 표준프레임워크”는 공공사업에 적용되는 개발프레임워크의 표준 정립으로 응용 SW 표준화, 품질 및 재 사용성 향상을 목표로 합니다. 이를 통해“전자정부 서비스의 품질향상” 및 “정보화 투자 효율성 향상”을 달성하고, 대ㆍ중소기업이 동일한 개발기반 위에서 공정 경쟁이 가능하게 됩니다.<br><br>※ 표준프레임워크는 기존 다양한 플랫폼(.NET, php 등) 환경을 대체하기 위한 표준은 아니며, java 기반의 정보시스템 구축에 활용하실 수 있는 개발·운영 표준 환경을 제공하기 위한 것입니다.</p><h3><img src=\"http://localhost:8000/portal-service/api/v1/images/editor/editor-202110-1ca352474cd84341a1668e09f5aa968a.png\"><strong> 특징</strong></h3><p><img src=\"https://www.egovframe.go.kr/statics/home/images/img_P0005_character.png\" alt=\"\"></p><h4>eGovFrame</h4><p>상용 솔루션 연계</p><p>민관학계로 구성 된 자문협의회를 통해 국가적 차원의 표준화 수행</p><p>국가적 표준화 지향</p><p>민·관·학계로 구성 된 자문협의회를 통해 국가적 차원의 표준화 수행</p><p>개방형 표준 준수</p><p>오픈소스 기반의 범용화되고 공개된 기술의 활용으로 특정 사업자에 대한 종속성 배체</p><p>변화 유연성</p><p>각 서비스의 모듈화로 교체가 용이하며 인터페이스 기반 연동으로 모듈간 변경영향 최소화</p><p>모바일 환경 지원</p><p>모바일 환경을 위한 모바일 웹(UX/UI) 및 하이브리드 앱 지원</p><p>편리하고 다양한 환경 제공</p><p>Eclipse 기반의 모델링(UML, ERD), 에디팅, 컴파일링, 디버깅 환경 제공</p><h3><strong>적용 가능 시스템 조건</strong></h3><p>아래 세가지 조건을 모두 만족하는 경우 표준프레임워크 적용 가능</p><ul><li><i>1</i>자바 기반의 웹 응용 시스템(WAS가 존재하는 경우)</li><li><i>2</i>(2.7 기준) JavaEE(J2EE) <strong>JDK1.5 ~ 1.8</strong>의 환경 (단, 개발환경 2.7 이상에서는 JDK 1.6 필요)<br>(3.0 이상) JavaEE(J2EE) <strong>JDK1.6 ~ 1.8</strong>의 환경<br>(3.5 이상) JavaEE(J2EE) <strong>JDK1.7 ~ 1.8</strong>의 환경 (단, 개발환경 3.5.1 부터 JDK 1.8 적용 가능)<br>(3.6 이상) JavaEE(J2EE) <strong>JDK1.7 ~ 1.8</strong>의 환경<br>(3.7 이상) JavaEE(J2EE) <strong>JDK1.7 ~ 1.8</strong>의 환경 (단, 개발환경 3.7 이상에서는 JDK 1.8 필요)<br>(3.8 이상) JavaEE(J2EE) <strong>JDK1.7 ~ 1.8</strong>의 환경 (단, 개발환경 3.8 이상에서는 JDK 1.8 필요)<br>(3.9 이상) JavaEE(J2EE) <strong>JDK1.7 ~ 1.8</strong>의 환경 (단, 개발환경 3.9 이상에서는 JDK 1.8 필요)<br>(3.10 이상) JavaEE(J2EE) <strong>JDK1.7 ~ 1.8</strong>의 환경 (단, 개발환경 3.10 이상에서는 JDK 1.8 필요)</li><li><i>3</i>신규 개발시스템으로써, 기존 시스템과 물리적 혹은 논리적으로 구분되는 경우</li></ul><p>☞ 실행환경 내 모바일 표준프레임워크의 사용자 경험(UX) 지원 기능은 프레임워크와 개발 언어 종류에 상관없이 활용가능 (javascript 기반)</p><h3><strong>적용 효과</strong></h3><p>정보시스템을 개발하거나 운영할 때 필요한 기본 기능을 미리 구현한 것으로 이를 기반으로 추가 기능을 개발하여 조립함으로써 전체 정보시스템을 완성할 수 있습니다.</p><p><img src=\"https://www.egovframe.go.kr/statics/home/images/img_P0005_effect.png\" alt=\"표준프레임워크 적용 전 : 1.정보화사업별 동일한 기능들의 중복 개발, 2.기술 종속으로 인해 선행사업자 의존도 높음, 3.프레임워크 미 보유업체는 경쟁 불리, 4.정보시스템간 상호 연계 시 많은 기간과 인력이 소요, 5.개발표준 미흡으로 유지보수가 어려움, 표준프레임워크 적용 후 : 1.공통컴포넌트 재사용으로 중복 예산 절감, 2.표준화된 개발기반으로 사업자 종속성 해소, 3.프레임워크 무상제공으로 중소기업 경쟁력 향상, 4.표준화된 연계모듈 활용으로 상호운용성 향상, 5.개발표준에 의한 모듈화로 유지보수가 용이\"></p>','65a00f65-8460-49af-98ec-042977e56f4b','2021-09-07 11:33:59','87638675-11fa-49e5-9bd1-d2524bf6fa45','2021-10-18 17:51:02'),(2,'연혁','연혁 설명','<h2><strong>적용사례 - 추진성과</strong></h2><h3><strong>추진성과 (\'21년 8월말 기준)</strong></h3><ol><li>전자정부 등 4,922여개 공공정보화사업에 전자정부 표준프레임워크 적용(조달발주 조사 기준)<br>- 특정기업 종속성 해소, 개발기간 단축 등 장점으로 자율적 적용 확대가 가능</li><li>총 11,463여명 표준프레임워크 교육완료<br>- (정기교육:6,719여명, 현장교육:4,744여명)</li><li>‘09.6월 표준프레임워크 공개 이후, 91만 여건 이상 다운로드 기록<br>- 공공․민간에서 예상보다 빠른 속도로 확산</li><li>표준프레임워크 호환성확인 SW : 확인완료 340건</li><li>표준프레임워크 해외 적용 : 17개국 (불가리아, 에콰도르, 네팔, 멕시코, 튀니지, 탄자니아, 베트남, 몽골, 사우디아라비아), 33개 사업</li><li>지경부 주관 『2009 대한민국 소프트웨어 기술 대상』 “우수상” 수상<br>- 전자정부 표준프레임워크의 높은 기술력 및 완성도 인정</li><li>싱가포르 주관 미래정부시상식(FutureGov Awards) 3개 부문 수상<br>- 올해의정부상(대상), 기술선도상, 정부혁신상<br>- 표준프레임워크 기술력 국제적으로 인정</li><li>2010 공개SW 활용상 지식경제부장관상(대상) 수상(지경부)</li><li>국제 CMMI 공인인증 획득(\'11년 1월)</li><li>각종 언론에서 표준프레임워크의 공공·민간 자율적용 등을 호평</li></ol><h3><strong>대표 적용사례</strong></h3><h3><strong>표준프레임워크 공공.민간 정보화사업 적용 현황</strong></h3><figure class=\"table\"><table><thead><tr><th><strong>분야</strong></th><th><strong>주요사업명</strong></th><th><strong>분야</strong></th><th><strong>주요사업명</strong></th><th><strong>분야</strong></th><th><strong>주요사업명</strong></th></tr></thead><tbody><tr><th>행정</th><td>수요자맞춤형 행정정보공동이용</td><td>주민</td><td>주민서비스통합</td><td>철도</td><td>도시철도 이용 시스템 구축</td></tr><tr><th>재난방재</th><td>119 신고서비스 확대</td><td>교육</td><td>충남대학사 정보시스템</td><td>통계</td><td>행정자료 통합관리시스템</td></tr><tr><th>의료</th><td>결행정보 통합관리시스템</td><td>도로</td><td>도로공사 호환카드 정산시스템</td><td>국방</td><td>국방통합원가관리체계</td></tr><tr><th>복지</th><td>독거노인 응급 안전 돌보미</td><td>관세</td><td>글로벌 물류무역정보망</td><td>보험</td><td>건강보험진료비 포털시스템</td></tr><tr><th>농업</th><td>수입쇠고기 유통추적시스템</td><td>산림</td><td>국가산림 정보화기반조성</td><td>토지</td><td>한국토지 정보시스템</td></tr><tr><th>방송</th><td>방송통신 정보시스템</td><td>지방행정</td><td>송파구 정보화사업통합</td><td>특허</td><td>3세대 특허넷 구축</td></tr><tr><th>정보통신</th><td>범정부클라우드시범구축</td><td>검찰</td><td>대검찰청 홈페이지개편사업</td><td>기록물</td><td>2010년 기록정보화사업</td></tr><tr><th>항만</th><td>인천항만U단지</td><td>산업단지</td><td>공장설립온라인 지원시스템확산</td><td>물류</td><td>글로벌 첨단 항만물류</td></tr><tr><th>국세</th><td>국세청 ITSM 고도화</td><td>문화</td><td>차세대 국회도서관</td><td>연금</td><td>사학연금 연계급여정보시스템</td></tr><tr><th>체육</th><td colspan=\"5\">인천 아시안게임 인력/모바일 상황관리</td></tr></tbody></table></figure>','65a00f65-8460-49af-98ec-042977e56f4b','2021-09-07 11:35:13','65a00f65-8460-49af-98ec-042977e56f4b','2021-09-07 11:35:13'),(3,'조직도','조직도 설명','<h2><strong>센터소개</strong></h2><h3><strong>구성 및 역할</strong></h3><p>표준프레임워크의 지속적 확산과 발전을 위해 R&amp;D, 기술지원, 교육의 구심점이 될 전담조직이 필요하게 되어, 한국지능정보사회진흥원(NIA)에 2010년 11월 4일 「표준프레임워크센터」가 설립되었으며 정책지원, 글로벌 확산 등을 담당할 NIA 인력과 R&amp;D, 기술지원 등을 담당할 외부 민간 전문가로 구성되었습니다.</p><p><img src=\"https://www.egovframe.go.kr/statics/home/images/img_P0019_cts1.png\" alt=\"표준프레임워크센터의 구성은 표준프레임워크센터장을 중심으로 정책지원과 연구개발, 기술지원으로 구성되어져 있다.\"></p><p>정보시스템 개발생산성 제고와 중소기업의 사업 참여기회 확대를 위해 개발한 전자정부 표준프레임워크가 공공·민간에 급속히 확산되고, 현재는 센터를 중심으로 표준프레임워크의 기능개선·고도화, 중소기업에 대한 기술지원·교육, 표준프레임워크 글로벌 확산이 본격 추진되었습니다.</p><figure class=\"table\"><table><thead><tr><th><strong>역할</strong></th><th><strong>세부내용</strong></th></tr></thead><tbody><tr><td>정책지원</td><td>표준프레임워크 정책 기획·관리, 예산 및 성과관리 대외 홍보 및 글로벌화 추진</td></tr><tr><td>연구개발</td><td>오픈 소스 및 신기술 동향 분석 및 방영 표준프레임워크 패치 및 기능개선</td></tr><tr><td>기술지원</td><td>적용사업 현장기술지원 및 개발가이드, 이슈대응 표준프레임워크 교육과정 운영</td></tr></tbody></table></figure>','65a00f65-8460-49af-98ec-042977e56f4b','2021-09-07 11:35:35','65a00f65-8460-49af-98ec-042977e56f4b','2021-09-07 11:35:35'),(4,'찾아오시는 길','찾아오시는 길 설명','<h2><strong>찾아오시는 길</strong></h2><h3><strong>지도</strong></h3><p><img src=\"https://www.egovframe.go.kr/statics/home/images/egov_map.jpg\" alt=\"대한서울상공회의소 7층 전자정부표준프레임워크센터, 상세주소 : 서울특별시 중구 세종대로 39 대한서울상공회의소 7층\"></p><h4><strong>표준프레임워크센터 주소</strong></h4><ul><li>[도로명주소] 04513 서울특별시 중구 세종대로 39 대한서울상공회의소 7층</li><li>[지번주소] 04513 서울특별시 중구 남대문로4가 45 대한서울상공회의소 7층</li></ul><h4><strong>연락처</strong></h4><ul><li>전화 1566-3598</li><li>이메일 egovframesupport@gmail.com</li></ul>','65a00f65-8460-49af-98ec-042977e56f4b','2021-09-07 11:36:03','65a00f65-8460-49af-98ec-042977e56f4b','2021-09-07 11:36:03');
/*!40000 ALTER TABLE `content` ENABLE KEYS */;
UNLOCK TABLES;

--
-- Table structure for table `dictionary`
--

DROP TABLE IF EXISTS `dictionary`;
/*!40101 SET @saved_cs_client     = @@character_set_client */;
/*!50503 SET character_set_client = utf8mb4 */;
CREATE TABLE `dictionary` (
  `dictionary_no` int(9) NOT NULL AUTO_INCREMENT COMMENT '사전 번호',
  `term_en_name` varchar(100) CHARACTER SET utf8 NOT NULL COMMENT '용어 영문 명',
  `term_kr_name` varchar(100) CHARACTER SET utf8 NOT NULL COMMENT '용어 국문 명',
  `term_content` varchar(2000) CHARACTER SET utf8 DEFAULT NULL COMMENT '용어 내용',
  `domain_code` varchar(20) CHARACTER SET utf8 DEFAULT NULL COMMENT '도메인 코드',
  `value_content` varchar(200) CHARACTER SET utf8 DEFAULT NULL COMMENT '값 내용',
  `save_format` varchar(200) CHARACTER SET utf8 DEFAULT NULL COMMENT '저장형식',
  `print_format` varchar(100) CHARACTER SET utf8 DEFAULT NULL COMMENT '표현형식',
  `adm_stand_cd` varchar(100) CHARACTER SET utf8 DEFAULT NULL COMMENT '행정표준코드명',
  `org_nm` varchar(100) CHARACTER SET utf8 DEFAULT NULL COMMENT '소관기관명',
  `created_date` datetime NOT NULL DEFAULT CURRENT_TIMESTAMP COMMENT '등록일시',
  `modified_date` datetime DEFAULT NULL COMMENT '수정일시',
  PRIMARY KEY (`dictionary_no`),
  KEY `dictionary_FK_01` (`domain_code`),
  KEY `dictionary_term_kr_name_IDX` (`term_kr_name`) USING BTREE,
  CONSTRAINT `dictionary_FK_01` FOREIGN KEY (`domain_code`) REFERENCES `domain` (`domain_code`)
) ENGINE=InnoDB AUTO_INCREMENT=93 DEFAULT CHARSET=utf8mb4 COMMENT='사전';
/*!40101 SET character_set_client = @saved_cs_client */;

--
-- Dumping data for table `dictionary`
--

LOCK TABLES `dictionary` WRITE;
/*!40000 ALTER TABLE `dictionary` DISABLE KEYS */;
INSERT INTO `dictionary` VALUES (1,'create_by','생성 자','사물이 생겨 이루어지게 한 사용자','IDV20','-','20자리 이내 문자','-','-','MSA','2021-07-07 11:15:33',NULL),(2,'last_modified_by','수정 자','바로잡아 고친 사용자','IDV20','-','20자리 이내 문자','-','-','MSA','2021-07-07 11:17:06',NULL),(3,'created_date','생성 일시','사물이 생겨 이루어지게 한 날짜와 시점','일시D','YYYY: 0001~9999,\nMM: 01~12, DD: 01~31, HH:00~23,\nMI:00~59, SS:00~59','%Y%m%d%H%i%S','-','-','MSA','2021-07-07 11:17:46',NULL),(4,'modified_date','수정 일시','바로잡아 고친 날짜와 시점','일시D','YYYY: 0001~9999,\nMM: 01~12, DD: 01~31, HH:00~23,\nMI:00~59, SS:00~59','%Y%m%d%H%i%S','-','-','MSA','2021-07-07 11:20:22',NULL),(5,'use_at','사용 여부','사용 여부','여부N1','0 OR 1','1자리 숫자','-','-','MSA','2021-07-07 15:24:33',NULL),(6,'delete_at','삭제 여부','삭제 여부','여부N1','0 OR 1','1자리 숫자','-','-','MSA','2021-07-08 10:32:37',NULL),(7,'sort_seq','정렬 순서','데이터를 특정한 조건에 따라 일정한 순서가 되도록 배열하는 순서','순서N3','-','3자리 이내 숫자','-','-','MSA','2021-07-07 15:29:32',NULL),(11,'role_id','권한 id','사용자 권한 식별자','IDV20','-','20자리 이내 문자','-','-','MSA','2021-07-08 12:09:27',NULL),(12,'role_name','권한 명','사용자 권한의 이름','명V50','-','50자리 이내 문자','-','-','MSA','2021-07-08 12:09:27',NULL),(13,'role_content','권한 내용','사용자 권한에 대한 설명, 내용','내용V200','-','200자리 이내 문자','-','-','MSA','2021-07-08 12:09:27',NULL),(14,'user_no','사용자 번호','사용자 고유 번호','번호N20','-','20자리 이내 숫자','-','-','MSA','2021-07-08 14:25:26',NULL),(15,'policy_id','정책 id','정책 고유 번호','IDN20','-','20자리 이내 숫자','-','-','MSA','2021-07-08 14:49:50',NULL),(16,'type_id','유형 id','유형 id(공통코드 id)','IDV20','-','20자리 이내 문자','-','-','MSA','2021-07-08 14:49:53',NULL),(17,'policy_title','정책 제목','정책 제목','제목V200','-','200자리 이내 문자','-','-','MSA','2021-07-08 14:49:55',NULL),(18,'reg_timestamp','등록 타임스탬프','등록 일시','타임스탬프D','-','TIMESTAMP','-','-','MSA','2021-07-08 14:49:57',NULL),(19,'policy_content','정책 내용','정책 상세 내용','내용LONGTEXT','-','4,294,967,295 이내 문자','-','-','MSA','2021-07-08 14:49:59',NULL),(20,'user_name','사용자 명','사용자 이름','명V50','-','50자리 이내 문자','-','-','MSA','2021-07-08 15:00:20',NULL),(21,'email_addr','이메일 주소','이메일 주소','주소V100','-','100자리 이내 문자','-','-','MSA','2021-07-08 15:00:20',NULL),(22,'encrypted_password','암호화된 비밀번호','암호화된 비밀번호','패스워드V100','-','100자리 이내 문자','-','-','MSA','2021-07-08 15:00:20',NULL),(23,'user_id','사용자 id','사용자 식별자','IDV20','-','20자리 이내 문자','-','-','MSA','2021-07-08 15:02:17',NULL),(24,'code_id','코드 id','공통코드 식별자','IDV20','-','20자리 이내 문자','-','-','MSA','2021-07-12 10:57:54',NULL),(25,'code_name','코드 명','공통코드 명','명V500','-','500자리 이내 문자','-','-','MSA','2021-07-12 10:57:54',NULL),(26,'parent_code_id','상위코드 id','상위공통코드 식별자','IDV20','-','20자리 이내 문자','-','-','MSA','2021-07-12 10:57:54',NULL),(27,'code_description','코드 설명','공통코드 설명','설명V500','-','500자리 이내 문자','-','-','MSA','2021-07-12 10:57:54',NULL),(28,'readonly_at','읽기전용 여부','수정하면 안되는 읽기전용 여부','여부N1','0 OR 1','1자리 숫자','-','-','MSA','2021-07-12 10:57:54',NULL),(29,'attachment_code','첨부파일 코드','첨부파일 코드','코드C20','-','20자리 이내 문자','-','-','MSA','2021-07-16 10:59:10',NULL),(30,'attachment_seq','첨부파일 순번','첨부파일 순번','순서N15','-','15자리 이내 숫자','-','-','MSA','2021-07-16 10:59:12',NULL),(31,'download_count','다운로드 수','다운로드 수','수N15','-','15자리 이내 숫자','-','-','MSA','2021-07-16 10:59:14',NULL),(32,'original_file_name','원본파일명','원본파일명','명V200','-','200자리 이내 문자','-','-','MSA','2021-07-16 10:59:16',NULL),(33,'physical_file_name','물리파일명','물리파일명','명V200','-','200자리 이내 문자','-','-','MSA','2021-07-16 10:59:17',NULL),(34,'attachment_size','첨부파일 크기','첨부파일 크기','크기N20','-','20자리 이내 숫자','-','-','MSA','2021-07-16 10:59:18',NULL),(35,'attachment_id','첨부파일 ID','첨부파일 ID','IDV50','-','50자리 이내 문자','-','-','MSA','2021-07-16 10:59:20',NULL),(36,'menu_id','메뉴 ID','메뉴 고유 ID','IDN20','-','20자리 이내 숫자','-','-','MSA','2021-08-12 17:30:17',NULL),(37,'menu_kor_name','메뉴명','메뉴명','명V100','-','100자리 이내 문자','-','-','MSA','2021-08-12 17:30:35',NULL),(38,'menu_eng_name','메뉴 영문명','메뉴 영문명','명V100','-','100자리 이내 문자','-','-','MSA','2021-08-12 17:30:36',NULL),(39,'connect_id','연결 ID','연결된 컨텐츠 or 게시판 ID','IDN20','-','20자리 이내 숫자','-','-','MSA','2021-08-12 17:30:37',NULL),(40,'url_path','링크 url','링크 url','경로V200','-','200자리 이내 문자','-','-','MSA','2021-08-12 17:30:39',NULL),(41,'show_at','출력 여부','출력 여부','여부N1','0 OR 1','1자리 숫자','-','-','MSA','2021-08-12 17:30:40',NULL),(42,'blank_at','연결 형태','연결 형태 (새창/현재창)','여부N1','0 OR 1','1자리 숫자','-','-','MSA','2021-08-12 17:30:42',NULL),(43,'sub_name','메뉴 서브명','메뉴 서브명','명V200','-','200자리 이내 문자','-','-','MSA','2021-08-12 17:30:45',NULL),(44,'menu_description','메뉴 설명','메뉴 설명','설명V500','-','500자리 이내 문자','-','-','MSA','2021-08-12 17:30:47',NULL),(45,'icon_name','아이콘 class','아이콘 class','명V100','-','100자리 이내 문자','-','-','MSA','2021-08-12 17:30:49',NULL),(46,'parent_menu_id','상위 메뉴 ID','상위 메뉴 ID','IDN20','-','20자리 이내 숫자','-','-','MSA','2021-08-12 17:30:50',NULL),(47,'site_id','사이트 ID','사이트 ID','IDN20','-','20자리 이내 숫자','-','-','MSA','2021-08-12 17:30:52',NULL),(48,'site_name','사이트 명','사이트 명','명V50','-','50자리 이내 문자','-','-','MSA','2021-08-12 17:30:54',NULL),(49,'log_id','로그 ID','로그 ID','IDN20','-','20자리 이내 숫자','-','-','MSA','2021-09-01 14:04:21',NULL),(50,'request_url','요청 url','요청 url','URLV500','-','500자리 이내 문자','-','-','MSA','2021-09-01 17:34:44',NULL),(51,'method_code','http method','http method','코드C10','GET, POST..','10자리 이내 문자','-','-','MSA','2021-09-01 17:46:18',NULL),(52,'ip_addr','IP 주소','IP 주소','주소V100','-','100자리 이내 문자','-','-','MSA','2021-09-02 09:49:48',NULL),(53,'fail_content','실패 내용','실패한 메시지','내용V200','-','200자리 이내 문자','-','-','MSA','2021-09-02 09:49:48',NULL),(54,'success_at','성공 여부','성공 여부','여부N1','0 OR 1','1자리 숫자','-','-','MSA','2021-09-02 15:11:34',NULL),(55,'analytics_id','접속통계 ID','접속통계 ID','IDV255','-','255자리 이내 문자','-','-','MSA','2021-09-07 14:52:11',NULL),(56,'location_id','지역 ID','지역 ID','IDN20','-','20자리 이내 숫자','-','-','MSA','2021-10-12 08:45:47',NULL),(57,'location_name','지역 명','지역 명','명V200','-','200자리 이내 문자','-','-','MSA','2021-10-12 08:45:57',NULL),(58,'reserve_id','예약 ID','예약 ID','IDV255','-','255자리 이내 문자','-','-','MSA','2021-10-12 08:45:57',NULL),(59,'reserve_item_id','예약 물품 ID','예약 물품 ID','IDN20','-','20자리 이내 숫자','-','-','MSA','2021-10-12 08:45:57',NULL),(60,'category_id','유형 ID','유형 ID ','IDV20','-','20자리 이내 문자','-','-','MSA','2021-10-12 08:45:57',NULL),(61,'reserve_qty','예약 수량','예약 수량','수량N18','-','18자리 이내 숫자','-','-','MSA','2021-10-12 08:45:57',NULL),(62,'reserve_purpose_content','예약 목적 내용 ','예약 목적 내용 ','내용V4000','-','4000자 이내 문자','-','-','MSA','2021-10-12 08:45:57',NULL),(63,'reserve_start_date','예약 시작 일시','예약 시작 일시','일시D','YYYY: 0001~9999,MM: 01~12, DD: 01~31, HH:00~23,MI:00~59, SS:00~59','%Y%m%d%H%i%S','-','-','MSA','2021-10-12 08:45:57',NULL),(64,'reserve_end_date','예약 종료 일시','예약 종료 일시','일시D','YYYY: 0001~9999,MM: 01~12, DD: 01~31, HH:00~23,MI:00~59, SS:00~59','%Y%m%d%H%i%S','-','-','MSA','2021-10-12 08:45:57',NULL),(65,'reserve_status_id','예약 상태 ID','예약 상태 ID','IDV20','-','20자리 이내 문자','-','-','MSA','2021-10-12 08:45:57',NULL),(66,'reserve_cancel_content','예약 취소 내용','예약 취소 내용','내용V4000','-','4000자 이내 문자','-','-','MSA','2021-10-12 08:45:57',NULL),(67,'user_contact_no','사용자 연락처 번호','사용자 연락처 번호','번호V50','-','50자리 이내 문자','-','-','MSA','2021-10-12 08:45:57',NULL),(68,'user_email_addr','사용자 이메일 주소','사용자 이메일 주소','주소V500','-','500자리 이내 문자','-','-','MSA','2021-10-12 08:45:57',NULL),(69,'reserve_item_name','예약 물품 명','예약 물품 명','명V200','-','200자리 이내 문자','-','-','MSA','2021-10-12 08:45:57',NULL),(70,'total_qty','총 수량','총 수량','수량N18','-','18자리 이내 숫자','-','-','MSA','2021-10-12 08:45:57',NULL),(71,'inventory_qty','재고 수량','재고 수량','수량N18','-','18자리 이내 숫자','-','-','MSA','2021-10-12 08:45:58',NULL),(72,'operation_start_date','운영 시작 일시','운영 시작 일시','일시D','YYYY: 0001~9999,MM: 01~12, DD: 01~31, HH:00~23,MI:00~59, SS:00~59','%Y%m%d%H%i%S','-','-','MSA','2021-10-12 08:45:58',NULL),(73,'operation_end_date','운영 종료 일시','운영 종료 일시','일시D','YYYY: 0001~9999,MM: 01~12, DD: 01~31, HH:00~23,MI:00~59, SS:00~59','%Y%m%d%H%i%S','-','-','MSA','2021-10-12 08:45:58',NULL),(74,'reserve_method_id','예약 방법 ID','예약 방법 ID','IDV20','-','20자리 이내 문자','-','-','MSA','2021-10-12 08:45:58',NULL),(75,'reserve_means_id','예약 구분 ID','예약 구분 ID','IDV20','-','20자리 이내 문자','-','-','MSA','2021-10-12 08:45:58',NULL),(76,'request_start_date','예약 신청 시작 일시','예약 신청 시작 일시','일시D','YYYY: 0001~9999,MM: 01~12, DD: 01~31, HH:00~23,MI:00~59, SS:00~59','%Y%m%d%H%i%S','-','-','MSA','2021-10-12 08:45:58',NULL),(77,'request_end_date','예약 신청 종료 일시','예약 신청 종료 일시','일시D','YYYY: 0001~9999,MM: 01~12, DD: 01~31, HH:00~23,MI:00~59, SS:00~59','%Y%m%d%H%i%S','-','-','MSA','2021-10-12 08:45:58',NULL),(78,'period_at','기간 지정 여부','기간 지정 여부','여부N1','0 OR 1','1자리 숫자','-','-','MSA','2021-10-12 08:45:58',NULL),(79,'period_max_count','최대 예약 가능 일 수','최대 예약 가능 일 수','수N3','-','3자리 이내 숫자','-','-','MSA','2021-10-12 08:45:58',NULL),(80,'external_url','외루 링크 url','외루 링크 url','경로V200','-','200자리 이내 문자','-','-','MSA','2021-10-12 08:45:58',NULL),(81,'selection_means_id','선별 방법 ID','선별 방법 ID','IDV20','-','20자리 이내 문자','-','-','MSA','2021-10-12 08:45:58',NULL),(82,'paid_at','유/무료 여부','유/무료 여부','여부N1','0 OR 1','1자리 숫자','-','-','MSA','2021-10-12 08:45:58',NULL),(83,'usage_cost','이요 비용','이용 비용','비용N18','-','18자리 이내 숫자','-','-','MSA','2021-10-12 08:45:58',NULL),(84,'purpose_content','용도 내용','용도 내용','내용V4000','-','4000자 이내 문자','-','-','MSA','2021-10-12 08:45:58',NULL),(85,'item_addr','물품 주소','물품 주소','주소V500','-','500자리 이내 문자','-','-','MSA','2021-10-12 08:45:58',NULL),(86,'target_id','이용 대상 ID','이용 대상 ID','IDV20','-','20자리 이내 문자','-','-','MSA','2021-10-12 08:45:58',NULL),(87,'excluded_content','사용허가 제외 대상 내용','사용허가 제외 대상 내용','내용V2000','-','2000자 이내 문자','-','-','MSA','2021-10-12 08:45:58',NULL),(88,'homepage_url','홈페이지 url','홈페이지 url','경로V200','-','200자리 이내 문자','-','-','MSA','2021-10-12 08:45:58',NULL),(89,'contact_no','문의처 번호','문의처 번호','번호V50','-','50자리 이내 문자','-','-','MSA','2021-10-12 08:45:58',NULL),(90,'manger_dept_name','담당자 소속 명','담당자 소속 명','명V200','-','200자리 이내 문자','-','-','MSA','2021-10-12 08:45:58',NULL),(91,'manager_name','담당자 명','담당자 명','명V200','-','200자리 이내 문자','-','-','MSA','2021-10-12 08:45:58',NULL),(92,'manager_contact_no','담당자 연락처 번호','담당자 연락처 번호','번호V50','-','50자리 이내 문자','-','-','MSA','2021-10-12 08:45:58',NULL);
/*!40000 ALTER TABLE `dictionary` ENABLE KEYS */;
UNLOCK TABLES;

--
-- Table structure for table `domain`
--

DROP TABLE IF EXISTS `domain`;
/*!40101 SET @saved_cs_client     = @@character_set_client */;
/*!50503 SET character_set_client = utf8mb4 */;
CREATE TABLE `domain` (
  `domain_classification_code` varchar(20) CHARACTER SET utf8 NOT NULL COMMENT '도메인 분류 코드',
  `domain_classification_name` varchar(50) CHARACTER SET utf8 NOT NULL COMMENT '도메인 분류 명',
  `domain_group_code` varchar(20) CHARACTER SET utf8 NOT NULL COMMENT '도메인 그룹 코드',
  `domain_group_name` varchar(50) CHARACTER SET utf8 NOT NULL COMMENT '도메인 그룹 명',
  `domain_type_code` varchar(20) CHARACTER SET utf8 NOT NULL COMMENT '도메인 유형 코드',
  `domain_id` varchar(20) CHARACTER SET utf8 NOT NULL COMMENT '도메인 id',
  `domain_code` varchar(20) CHARACTER SET utf8 NOT NULL COMMENT '도메인 코드',
  `data_type_code` varchar(20) CHARACTER SET utf8 NOT NULL COMMENT '데이터 타입 코드',
  `data_length_content` varchar(20) CHARACTER SET utf8 NOT NULL COMMENT '데이터 길이 내용',
  `domain_content` varchar(500) CHARACTER SET utf8 NOT NULL COMMENT '도메인 내용',
  `created_date` datetime NOT NULL DEFAULT CURRENT_TIMESTAMP COMMENT '생성 일시',
  `modified_date` datetime NOT NULL DEFAULT CURRENT_TIMESTAMP COMMENT '수정 일시',
  PRIMARY KEY (`domain_code`)
) ENGINE=InnoDB DEFAULT CHARSET=utf8mb4 COMMENT='도메인';
/*!40101 SET character_set_client = @saved_cs_client */;

--
-- Dumping data for table `domain`
--

LOCK TABLES `domain` WRITE;
/*!40000 ALTER TABLE `domain` DISABLE KEYS */;
INSERT INTO `domain` VALUES ('IDENTITY','식별자','ID','ID','ID','IDN20','IDN20','BIGINT','20','특정한 목적의 식별자로 사용되기 위해 설계된 숫자 또는 문자의 나열','2021-07-21 12:56:16','2021-07-21 12:56:16'),('IDENTITY','식별자','ID','ID','ID','IDV10','IDV10','VARCHAR','10','특정한 목적의 식별자로 사용되기 위해 설계된 숫자 또는 문자의 나열','2021-07-08 10:26:14','2021-07-08 10:26:14'),('IDENTITY','식별자','ID','ID','ID','IDV100','IDV100','VARCHAR','100','특정한 목적의 식별자로 사용되기 위해 설계된 숫자 또는 문자의 나열','2021-07-08 10:26:14','2021-07-08 10:26:14'),('IDENTITY','식별자','ID','ID','ID','IDV20','IDV20','VARCHAR','20','특정한 목적의 식별자로 사용되기 위해 설계된 숫자 또는 문자의 나열','2021-07-08 10:26:14','2021-07-08 10:26:14'),('IDENTITY','식별자','ID','ID','ID','IDV255','IDV255','VARCHAR','255','특정한 목적의 식별자로 사용되기 위해 설계된 숫자 또는 문자의 나열','2021-07-22 13:31:10','2021-07-22 13:31:10'),('IDENTITY','식별자','ID','ID','ID','IDV30','IDV30','VARCHAR','30','특정한 목적의 식별자로 사용되기 위해 설계된 숫자 또는 문자의 나열','2021-07-08 10:26:14','2021-07-08 10:26:14'),('IDENTITY','식별자','ID','ID','ID','IDV4','IDV4','VARCHAR','4','특정한 목적의 식별자로 사용되기 위해 설계된 숫자 또는 문자의 나열','2021-07-08 10:26:14','2021-07-08 10:26:14'),('IDENTITY','식별자','ID','ID','ID','IDV50','IDV50','VARCHAR','50','특정한 목적의 식별자로 사용되기 위해 설계된 숫자 또는 문자의 나열','2021-07-08 10:26:14','2021-07-08 10:26:14'),('IDENTITY','식별자','ID','ID','ID','IDV6','IDV6','VARCHAR','6','특정한 목적의 식별자로 사용되기 위해 설계된 숫자 또는 문자의 나열','2021-07-08 10:26:14','2021-07-08 10:26:14'),('TEXT','텍스트','URL','경로','URL','URLV500','URLV500','VARCHAR','500','URL','2021-09-01 17:39:43','2021-09-01 17:39:43'),('AMOUNT','금액','PRICE','가격','PRICE','PRCN10_5','가격N10_5','DECIMAL','10_5','(돈으로 나타낸 상품의) 값','2021-07-08 10:26:14','2021-07-08 10:26:14'),('AMOUNT','금액','PRICE','가격','PRICE','PRCN12_2','가격N12_2','DECIMAL','12_2','(돈으로 나타낸 상품의) 값','2021-07-08 10:26:14','2021-07-08 10:26:14'),('AMOUNT','금액','PRICE','가격','PRICE','PRCN15','가격N15','BIGINT','15','(돈으로 나타낸 상품의) 값','2021-07-08 10:26:14','2021-07-08 10:26:14'),('AMOUNT','금액','PRICE','가격','PRICE','PRCN18_2','가격N18_2','DECIMAL','18_2','(돈으로 나타낸 상품의) 값','2021-07-08 10:26:14','2021-07-08 10:26:14'),('AMOUNT','금액','PRICE','가격','PRICE','PRCN9','가격N9','INT','9','(돈으로 나타낸 상품의) 값','2021-07-08 10:26:14','2021-07-08 10:26:14'),('TEXT','텍스트','VALUE','값','VALUE','VALUELONGTEXT','값LONGTEXT','LONGTEXT','LONGTEXT','문자열 형태의 값','2021-07-08 10:26:14','2021-07-08 10:26:14'),('TEXT','텍스트','VALUE','값','VALUE','VALUEV10','값V10','VARCHAR','10','문자열 형태의 값','2021-07-08 10:26:14','2021-07-08 10:26:14'),('TEXT','텍스트','VALUE','값','VALUE','VALUEV100','값V100','VARCHAR','100','문자열 형태의 값','2021-07-08 10:26:14','2021-07-08 10:26:14'),('TEXT','텍스트','VALUE','값','VALUE','VALUEV1000','값V1000','VARCHAR','1000','문자열 형태의 값','2021-07-08 10:26:14','2021-07-08 10:26:14'),('TEXT','텍스트','VALUE','값','VALUE','VALUEV20','값V20','VARCHAR','20','문자열 형태의 값','2021-07-08 10:26:14','2021-07-08 10:26:14'),('TEXT','텍스트','VALUE','값','VALUE','VALUEV200','값V200','VARCHAR','200','문자열 형태의 값','2021-07-08 12:39:42','2021-07-08 12:39:42'),('TEXT','텍스트','VALUE','값','VALUE','VALUEV4000','값V4000','VARCHAR','4000','문자열 형태의 값','2021-07-08 10:26:14','2021-07-08 10:26:14'),('TEXT','텍스트','PATH','경로','PATH','PATHV200','경로V200','VARCHAR','200','경로','2021-07-08 10:26:14','2021-07-08 10:26:14'),('TEXT','텍스트','DIVISION','구분','DIVISION','DIVISIONC3','구분C3','VARCHAR','3','구분','2021-07-08 10:26:14','2021-07-08 10:26:14'),('AMOUNT','금액','AMOUNT','금액','AMOUNT','AMTN10','금액N10','INT','9','(일부 한자어 뒤에 붙어) 돈의 액수인 \'금액\'의 뜻을 나타냄','2021-07-08 10:26:14','2021-07-08 10:26:14'),('AMOUNT','금액','AMOUNT','금액','AMOUNT','AMTN10_5','금액N10_5','DECIMAL','10_5','(일부 한자어 뒤에 붙어) 돈의 액수인 \'금액\'의 뜻을 나타냄','2021-07-08 10:26:14','2021-07-08 10:26:14'),('AMOUNT','금액','AMOUNT','금액','AMOUNT','AMTN13','금액N13','BIGINT','13','(일부 한자어 뒤에 붙어) 돈의 액수인 \'금액\'의 뜻을 나타냄','2021-07-08 10:26:14','2021-07-08 10:26:14'),('AMOUNT','금액','AMOUNT','금액','AMOUNT','AMTN14_2','금액N14_2','DECIMAL','14_2','(일부 한자어 뒤에 붙어) 돈의 액수인 \'금액\'의 뜻을 나타냄','2021-07-08 10:26:14','2021-07-08 10:26:14'),('AMOUNT','금액','AMOUNT','금액','AMOUNT','AMTN15_3','금액N15_3','DECIMAL','15_3','(일부 한자어 뒤에 붙어) 돈의 액수인 \'금액\'의 뜻을 나타냄','2021-07-08 10:26:14','2021-07-08 10:26:14'),('AMOUNT','금액','AMOUNT','금액','AMOUNT','AMTN18','금액N18','BIGINT','18','(일부 한자어 뒤에 붙어) 돈의 액수인 \'금액\'의 뜻을 나타냄','2021-07-08 10:26:14','2021-07-08 10:26:14'),('AMOUNT','금액','AMOUNT','금액','AMOUNT','AMTN18_2','금액N18_2','DECIMAL','18_2','(일부 한자어 뒤에 붙어) 돈의 액수인 \'금액\'의 뜻을 나타냄','2021-07-08 10:26:14','2021-07-08 10:26:14'),('TIME','시간','PERIOD','기간','PERIOD','PERIODN5','기간N5','MEDIUMINT','5','기간','2021-07-08 10:26:14','2021-07-08 10:26:14'),('NUMBER','숫자','LENGTH','길이','LENGTH','LENGTHN5','길이N5','MEDIUMINT','5','한끝에서 다른 한끝까지의 거리','2021-07-26 14:22:14','2021-07-26 14:22:14'),('TEXT','텍스트','CONTENT','내용','CONTENT','CONTENTLONGTEXT','내용LONGTEXT','LONGTEXT','LONGTEXT','어떤 사실 또는 사물에 대하여 세부적으로 기술한 사항','2021-07-08 10:26:14','2021-07-08 10:26:14'),('TEXT','텍스트','CONTENT','내용','CONTENT','CONTENTV100','내용V100','VARCHAR','100','어떤 사실 또는 사물에 대하여 세부적으로 기술한 사항','2021-07-08 10:26:14','2021-07-08 10:26:14'),('TEXT','텍스트','CONTENT','내용','CONTENT','CONTENTV1000','내용V1000','VARCHAR','1000','어떤 사실 또는 사물에 대하여 세부적으로 기술한 사항','2021-07-08 10:26:14','2021-07-08 10:26:14'),('TEXT','텍스트','CONTENT','내용','CONTENT','CONTENTV200','내용V200','VARCHAR','200','어떤 사실 또는 사물에 대하여 세부적으로 기술한 사항','2021-07-08 10:26:14','2021-07-08 10:26:14'),('TEXT','텍스트','CONTENT','내용','CONTENT','CONTENTV2000','내용V2000','VARCHAR','2000','어떤 사실 또는 사물에 대하여 세부적으로 기술한 사항','2021-07-08 10:26:14','2021-07-08 10:26:14'),('TEXT','텍스트','CONTENT','내용','CONTENT','CONTENTV300','내용V300','VARCHAR','300','어떤 사실 또는 사물에 대하여 세부적으로 기술한 사항','2021-07-08 10:26:14','2021-07-08 10:26:14'),('TEXT','텍스트','CONTENT','내용','CONTENT','CONTENTV4000','내용V4000','VARCHAR','4000','어떤 사실 또는 사물에 대하여 세부적으로 기술한 사항','2021-07-08 10:26:14','2021-07-08 10:26:14'),('TEXT','텍스트','CONTENT','내용','CONTENT','CONTENTV50','내용V50','VARCHAR','50','어떤 사실 또는 사물에 대하여 세부적으로 기술한 사항','2021-07-08 10:26:14','2021-07-08 10:26:14'),('TEXT','텍스트','CONTENT','내용','CONTENT','CONTENTV80','내용V80','VARCHAR','80','어떤 사실 또는 사물에 대하여 세부적으로 기술한 사항','2021-07-08 10:26:14','2021-07-08 10:26:14'),('TIME','시간','YEAR','년','YEAR','YEARC4','년C4','VARCHAR','4','YY,YYYY 등은 YEAR로 통합','2021-07-08 10:26:14','2021-07-08 10:26:14'),('TIME','시간','YEAR AND MONTH','년월','YM','YMC6','년월C6','VARCHAR','6','YYYYMM,YYMM 등은 YEAR MONTH로 통합','2021-07-08 10:26:14','2021-07-08 10:26:14'),('NAME','명칭','NAME','명','NAME','NAMEV10','명V10','VARCHAR','10','다른 것과 구별 짓기 위하여 사물이나 단체에 붙이는 일컬음','2021-07-08 10:26:14','2021-07-08 10:26:14'),('NAME','명칭','NAME','명','NAME','NAMEV100','명V100','VARCHAR','100','다른 것과 구별 짓기 위하여 사물이나 단체에 붙이는 일컬음','2021-07-08 10:26:14','2021-07-08 10:26:14'),('NAME','명칭','NAME','명','NAME','NAMEV1000','명V1000','VARCHAR','1000','다른 것과 구별 짓기 위하여 사물이나 단체에 붙이는 일컬음','2021-07-08 10:26:14','2021-07-08 10:26:14'),('NAME','명칭','NAME','명','NAME','NAMEV20','명V20','VARCHAR','20','다른 것과 구별 짓기 위하여 사물이나 단체에 붙이는 일컬음','2021-07-08 10:26:14','2021-07-08 10:26:14'),('NAME','명칭','NAME','명','NAME','NAMEV200','명V200','VARCHAR','200','다른 것과 구별 짓기 위하여 사물이나 단체에 붙이는 일컬음','2021-07-08 10:26:14','2021-07-08 10:26:14'),('NAME','명칭','NAME','명','NAME','NAMEV30','명V30','VARCHAR','30','다른 것과 구별 짓기 위하여 사물이나 단체에 붙이는 일컬음','2021-07-08 10:26:14','2021-07-08 10:26:14'),('NAME','명칭','NAME','명','NAME','NAMEV4000','명V4000','VARCHAR','4000','다른 것과 구별 짓기 위하여 사물이나 단체에 붙이는 일컬음','2021-07-08 10:26:14','2021-07-08 10:26:14'),('NAME','명칭','NAME','명','NAME','NAMEV50','명V50','VARCHAR','50','다른 것과 구별 짓기 위하여 사물이나 단체에 붙이는 일컬음','2021-07-08 10:26:14','2021-07-08 10:26:14'),('NAME','명칭','NAME','명','NAME','NAMEV500','명V500','VARCHAR','500','다른 것과 구별 짓기 위하여 사물이나 단체에 붙이는 일컬음','2021-07-08 10:26:14','2021-07-08 10:26:14'),('NUMBER','숫자','NO','번호','NO','NON15','번호N15','BIGINT','15','차례를 나타내거나 식별하기 위해 붙이는 숫자를 표시하는 문자','2021-07-08 10:26:14','2021-07-08 10:26:14'),('NUMBER','숫자','NO','번호','NO','NON20','번호N20','BIGINT','20','차례를 나타내거나 식별하기 위해 붙이는 숫자를 표시하는 문자','2021-07-08 14:26:14','2021-07-08 14:26:14'),('NUMBER','숫자','NO','번호','NO','NON3','번호N3','SMALLINT','3','차례를 나타내거나 식별하기 위해 붙이는 숫자를 표시하는 문자','2021-07-08 10:26:14','2021-07-08 10:26:14'),('NUMBER','숫자','NO','번호','NO','NON5','번호N5','MEDIUMINT','5','차례를 나타내거나 식별하기 위해 붙이는 숫자를 표시하는 문자','2021-07-08 10:26:14','2021-07-08 10:26:14'),('NUMBER','숫자','NO','번호','NO','NON9','번호N9','INT','9','차례를 나타내거나 식별하기 위해 붙이는 숫자를 표시하는 문자','2021-07-08 10:26:14','2021-07-08 10:26:14'),('TEXT','텍스트','NO','번호','NO','NOC10','번호V10','VARCHAR','10','일련번호','2021-07-08 10:26:14','2021-07-08 10:26:14'),('TEXT','텍스트','NO','번호','NO','NOC2','번호V2','VARCHAR','2','일련번호','2021-07-08 10:26:14','2021-07-08 10:26:14'),('TEXT','텍스트','NO','번호','NO','NOC20','번호V20','VARCHAR','20','일련번호','2021-07-08 10:26:14','2021-07-08 10:26:14'),('TEXT','텍스트','NO','번호','NO','NOCV30','번호V30','VARCHAR','30','일련번호','2021-07-08 10:26:14','2021-07-08 10:26:14'),('TEXT','텍스트','NO','번호','NO','NOC4','번호V4','VARCHAR','4','일련번호','2021-07-08 10:26:14','2021-07-08 10:26:14'),('TEXT','텍스트','NO','번호','NO','NOC5','번호V5','VARCHAR','5','일련번호','2021-07-08 10:26:14','2021-07-08 10:26:14'),('TEXT','텍스트','NO','번호','NO','NOC50','번호V50','VARCHAR','40','일련번호','2021-07-08 10:26:14','2021-07-08 10:26:14'),('TEXT','텍스트','NO','번호','NO','NOC7','번호V7','VARCHAR','7','일련번호','2021-07-08 10:26:14','2021-07-08 10:26:14'),('TIME','시간','MINUTE','분','MINUTE','MINUTEC2','분C2','VARCHAR','2','시간의 분값','2021-07-08 10:26:14','2021-07-08 10:26:14'),('TEXT','텍스트','REMARK','비고','REMARK','REMARKV100','비고V100','VARCHAR','100','어떤 내용에 참고가 될 만한 사항을 덧붙여 적은 사항','2021-07-08 10:26:14','2021-07-08 10:26:14'),('TEXT','텍스트','REMARK','비고','REMARK','REMARKV1000','비고V1000','VARCHAR','1000','어떤 내용에 참고가 될 만한 사항을 덧붙여 적은 사항','2021-07-08 10:26:14','2021-07-08 10:26:14'),('TEXT','텍스트','REMARK','비고','REMARK','REMARKV200','비고V200','VARCHAR','200','어떤 내용에 참고가 될 만한 사항을 덧붙여 적은 사항','2021-07-08 10:26:14','2021-07-08 10:26:14'),('TEXT','텍스트','REMARK','비고','REMARK','REMARKV2000','비고V2000','VARCHAR','2000','어떤 내용에 참고가 될 만한 사항을 덧붙여 적은 사항','2021-07-08 10:26:14','2021-07-08 10:26:14'),('TEXT','텍스트','REMARK','비고','REMARK','REMARKV4000','비고V4000','VARCHAR','4000','어떤 내용에 참고가 될 만한 사항을 덧붙여 적은 사항','2021-07-08 10:26:14','2021-07-08 10:26:14'),('TEXT','텍스트','REMARK','비고','REMARK','REMARKV500','비고V500','VARCHAR','500','어떤 내용에 참고가 될 만한 사항을 덧붙여 적은 사항','2021-07-08 10:26:14','2021-07-08 10:26:14'),('TEXT','텍스트','REMARK','비고','REMARK','REMARKV80','비고V80','VARCHAR','80','어떤 내용에 참고가 될 만한 사항을 덧붙여 적은 사항','2021-07-08 10:26:14','2021-07-08 10:26:14'),('AMOUNT','금액','COST','비용','COST','COSN18','비용N18','DECIMAL','18_0','무엇을 사거나 어떤 일을 하는 데 드는 돈','2021-07-08 10:26:14','2021-07-08 10:26:14'),('TEXT','텍스트','REASON','사유','REASON','REASONV1000','사유V1000','VARCHAR','1000','처리에 대한 이유','2021-07-08 10:26:14','2021-07-08 10:26:14'),('TEXT','텍스트','STATUS','상태','STATUS','STATUSC3','상태C3','VARCHAR','3','상태','2021-07-08 10:26:14','2021-07-08 10:26:14'),('TIME','시간','BIRATEHDAY','생년월일','BIRATEHDAY','BIRATEHDAYC8','생년월일C8','VARCHAR','8','생년월일 ','2021-07-08 10:26:14','2021-07-08 10:26:14'),('TEXT','텍스트','DESCRIPTION','설명','DESCRIPTION','DESCRIPTIONV300','설명V500','VARCHAR','500','어떤 값에 대한 부가적인 설명','2021-07-12 10:33:55','2021-07-12 10:33:55'),('NUMBER','숫자','COUNT','수','COUNT','COUNTN15','수N15','BIGINT','15','셀 수 있는 사물의 많고 적음','2021-07-08 10:26:14','2021-07-08 10:26:14'),('NUMBER','숫자','COUNT','수','COUNT','COUNTN3','수N3','SMALLINT','3','셀 수 있는 사물의 많고 적음','2021-07-08 10:26:14','2021-07-08 10:26:14'),('NUMBER','숫자','COUNT','수','COUNT','COUNTN5','수N5','MEDIUMINT','5','셀 수 있는 사물의 많고 적음','2021-07-08 10:26:14','2021-07-08 10:26:14'),('NUMBER','숫자','COUNT','수','COUNT','COUNTN9','수N9','INT','9','셀 수 있는 사물의 많고 적음','2021-07-08 10:26:14','2021-07-08 10:26:14'),('NUMBER','숫자','QUANTITY','수량','QTY','QTYN18','수량N18','BIGINT','18','(한자어 명사 뒤에 붙어)‘분량’이나 ‘수량’을 뜻함','2021-07-08 10:26:14','2021-07-08 10:26:14'),('NUMBER','숫자','QUANTITY','수량','QTY','QTYN8','수량N8','INT','9','(한자어 명사 뒤에 붙어)‘분량’이나 ‘수량’을 뜻함','2021-07-08 10:26:14','2021-07-08 10:26:14'),('NUMBER','숫자','SEQUENCE','순서','SEQ','SEQN10','순서N10','INT','9','차례를 나타내거나 식별하기 위해 붙이는 숫자','2021-07-08 10:26:14','2021-07-08 10:26:14'),('NUMBER','숫자','SEQUENCE','순서','SEQ','SEQN15','순서N15','BIGINT','15','차례를 나타내거나 식별하기 위해 붙이는 숫자','2021-07-08 10:26:14','2021-07-08 10:26:14'),('NUMBER','숫자','SEQUENCE','순서','SEQ','SEQN3','순서N3','SMALLINT','3','차례를 나타내거나 식별하기 위해 붙이는 숫자','2021-07-08 10:26:14','2021-07-08 10:26:14'),('NUMBER','숫자','SEQUENCE','순서','SEQ','SEQN5','순서N5','MEDIUMINT','5','차례를 나타내거나 식별하기 위해 붙이는 숫자','2021-07-08 10:26:14','2021-07-08 10:26:14'),('NUMBER','숫자','SEQUENCE','순서','SEQ','SEQN7','순서N7','INT','7','차례를 나타내거나 식별하기 위해 붙이는 숫자','2021-07-08 10:26:14','2021-07-08 10:26:14'),('TIME','시간','TIME','시각','TIME','TIMEC4','시각C4','VARCHAR','4','시각','2021-07-08 10:26:14','2021-07-08 10:26:14'),('TIME','시간','TIME','시각','TIME','TIMEC6','시각C6','VARCHAR','6','시각','2021-07-08 10:26:14','2021-07-08 10:26:14'),('TIME','시간','HOUR','시간','HOUR','HOURC2','시간C2','VARCHAR','2','시간','2021-07-08 10:26:14','2021-07-08 10:26:14'),('CODE','코드도메인','ALTERNATIVIE','여부','AT','ATN1','여부N1','TINYINT','1','0 OR 1, 여부,유무,TRUE/FALSE,플레그','2021-07-08 10:26:14','2021-07-08 10:26:14'),('TIME','시간','MONTH','월','MONTH','MONTHC2','월C2','VARCHAR','2','월','2021-07-08 10:26:14','2021-07-08 10:26:14'),('NUMBER','숫자','RATE','율','RATE','RATEN10_5','율N10_5','DECIMAL','10_5','둘 이상의 수를 비교하여 나타낼 때, 그 중 한 개의 수를 기준으로 하여 나타낸 다른 수의 비교 값. 비율의 약어','2021-07-08 10:26:14','2021-07-08 10:26:14'),('NUMBER','숫자','RATE','율','RATE','RATEN16_10','율N16_10','DECIMAL','16_10','둘 이상의 수를 비교하여 나타낼 때, 그 중 한 개의 수를 기준으로 하여 나타낸 다른 수의 비교 값. 비율의 약어','2021-07-08 10:26:14','2021-07-08 10:26:14'),('NUMBER','숫자','RATE','율','RATE','RATEN3','율N3','SMALLINT','3','둘 이상의 수를 비교하여 나타낼 때, 그 중 한 개의 수를 기준으로 하여 나타낸 다른 수의 비교 값. 비율의 약어','2021-07-08 10:26:14','2021-07-08 10:26:14'),('NUMBER','숫자','RATE','율','RATE','RATEN3_2','율N3_2','DECIMAL','3_2','둘 이상의 수를 비교하여 나타낼 때, 그 중 한 개의 수를 기준으로 하여 나타낸 다른 수의 비교 값. 비율의 약어','2021-07-08 10:26:14','2021-07-08 10:26:14'),('NUMBER','숫자','RATE','율','RATE','RATEN5_2','율N5_2','DECIMAL','5_2','둘 이상의 수를 비교하여 나타낼 때, 그 중 한 개의 수를 기준으로 하여 나타낸 다른 수의 비교 값. 비율의 약어','2021-07-08 10:26:14','2021-07-08 10:26:14'),('NUMBER','숫자','RATE','율','RATE','RATEN6_3','율N6_3','DECIMAL','6_3','둘 이상의 수를 비교하여 나타낼 때, 그 중 한 개의 수를 기준으로 하여 나타낸 다른 수의 비교 값. 비율의 약어','2021-07-08 10:26:14','2021-07-08 10:26:14'),('TIME','시간','DAY','일','DAY','DAYC2','일C2','VARCHAR','2','달력의 일자로 된부분','2021-07-08 10:26:14','2021-07-08 10:26:14'),('TIME','시간','DATETIME','일시','DATE','DATED','일시D','DATETIME','7','일자 + 시간형태로 DATETIME 타입','2021-07-08 10:26:14','2021-07-08 10:26:14'),('TIME','시간','DATE','일자','YMD','YMDC8','일자C8','VARCHAR','8','문자열 형태의 일자','2021-07-08 10:26:14','2021-07-08 10:26:14'),('AMOUNT','금액','BALANCE','잔액','BALANCE','BLNCN10','잔액N10','INT','9','무엇을 사거나 어떤 일을 하는 데 드는 의 남은 금액','2021-07-08 10:26:14','2021-07-08 10:26:14'),('AMOUNT','금액','BALANCE','잔액','BALANCE','BLNCN18','잔액N18','DECIMAL','18_2','무엇을 사거나 어떤 일을 하는 데 드는 의 남은 금액','2021-07-08 10:26:14','2021-07-08 10:26:14'),('NUMBER','숫자','SCORE','점수','SCORE','SCOREN10_7','점수N10_7','DECIMAL','10_7','점수','2021-07-08 10:26:14','2021-07-08 10:26:14'),('NUMBER','숫자','SCORE','점수','SCORE','SCOREN3','점수N3','SMALLINT','3','점수','2021-07-08 10:26:14','2021-07-08 10:26:14'),('NUMBER','숫자','SCORE','점수','SCORE','SCOREN3_2','점수N3_2','DECIMAL','3_2','점수','2021-07-08 10:26:14','2021-07-08 10:26:14'),('NUMBER','숫자','SCORE','점수','SCORE','SCOREN5_2','점수N5_2','DECIMAL','5_2','점수','2021-07-08 10:26:14','2021-07-08 10:26:14'),('NUMBER','숫자','SCORE','점수','SCORE','SCOREN6_3','점수N6_3','DECIMAL','6_3','점수','2021-07-08 10:26:14','2021-07-08 10:26:14'),('TEXT','텍스트','TITLE','제목','TITLE','TITLEV100','제목V100','VARCHAR','100','글의 내용을 보이거나 대표하는 이름','2021-07-08 10:26:14','2021-07-08 10:26:14'),('TEXT','텍스트','TITLE','제목','TITLE','TITLEV1000','제목V1000','VARCHAR','1000','글의 내용을 보이거나 대표하는 이름','2021-07-08 10:26:14','2021-07-08 10:26:14'),('TEXT','텍스트','TITLE','제목','TITLE','TITLEV200','제목V200','VARCHAR','200','글의 내용을 보이거나 대표하는 이름','2021-07-08 10:26:14','2021-07-08 10:26:14'),('TEXT','텍스트','TITLE','제목','TITLE','TITLEV500','제목V500','VARCHAR','500','글의 내용을 보이거나 대표하는 이름','2021-07-08 10:26:14','2021-07-08 10:26:14'),('TEXT','텍스트','ADDRESS','주소','ADDR','ADDRV100','주소V100','VARCHAR','100','주소','2021-07-08 10:26:14','2021-07-08 10:26:14'),('TEXT','텍스트','ADDRESS','주소','ADDR','ADDRV50','주소V50','VARCHAR','50','주소','2021-07-08 10:26:14','2021-07-08 10:26:14'),('TEXT','텍스트','ADDRESS','주소','ADDR','ADDRV500','주소V500','VARCHAR','500','주소','2021-07-08 10:26:14','2021-07-08 10:26:14'),('NUMBER','숫자','WEIGHT','중량','WEIGHT','WEIGHTN10','중량N10','INT','9','무게를 나타내는 값','2021-07-08 10:26:14','2021-07-08 10:26:14'),('NUMBER','숫자','WEIGHT','중량','WEIGHT','WEIGHTN5','중량N5','MEDIUMINT','5','무게를 나타내는 값','2021-07-08 10:26:14','2021-07-08 10:26:14'),('NUMBER','숫자','WEIGHT','중량','WEIGHT','WEIGHTN5_2','중량N5_2','DECIMAL','5_2','무게를 나타내는 값','2021-07-08 10:26:14','2021-07-08 10:26:14'),('TEXT','텍스트','ATTACHMENTS','첨부파일','ATTACH','ATTACHV30','첨부파일V30','VARCHAR','30','첨부파일','2021-07-08 10:26:14','2021-07-08 10:26:14'),('CODE','코드도메인','CODE','코드','CODE','CDC1','코드C1','VARCHAR','1','여러가지 항목을 나타내는 코드\n* 30byte는 공통코드유형에서만 사용','2021-07-08 10:26:14','2021-07-08 10:26:14'),('CODE','코드도메인','CODE','코드','CODE','CDC10','코드C10','VARCHAR','10','여러가지 항목을 나타내는 코드\n* 30byte는 공통코드유형에서만 사용','2021-07-08 10:26:14','2021-07-08 10:26:14'),('CODE','코드도메인','CODE','코드','CODE','CDC2','코드C2','VARCHAR','2','여러가지 항목을 나타내는 코드\n* 30byte는 공통코드유형에서만 사용','2021-07-08 10:26:14','2021-07-08 10:26:14'),('CODE','코드도메인','CODE','코드','CODE','CDC20','코드C20','VARCHAR','20','여러가지 항목을 나타내는 코드\n* 30byte는 공통코드유형에서만 사용','2021-07-08 10:26:14','2021-07-08 10:26:14'),('CODE','코드도메인','CODE','코드','CODE','CDC4','코드C4','VARCHAR','4','여러가지 항목을 나타내는 코드\n* 30byte는 공통코드유형에서만 사용','2021-07-08 10:26:14','2021-07-08 10:26:14'),('CODE','코드도메인','CODE','코드','CODE','CDC5','코드C5','VARCHAR','5','여러가지 항목을 나타내는 코드\n* 30byte는 공통코드유형에서만 사용','2021-07-08 10:26:14','2021-07-08 10:26:14'),('CODE','코드도메인','CODE','코드','CODE','CDC8','코드C8','VARCHAR','8','여러가지 항목을 나타내는 코드\n* 30byte는 공통코드유형에서만 사용','2021-07-08 10:26:14','2021-07-08 10:26:14'),('NUMBER','숫자','SIZE','크기','SIZE','SIZEN20','크기N20','BIGINT','20','사물의 넓이, 부피, 양 따위의 큰 정도','2021-07-16 10:51:12','2021-07-16 10:51:12'),('NUMBER','숫자','SIZE','크기','SIZE','SIZEN5','크기N5','MIDEUMINT','5','사물의 넓이, 부피, 양 따위의 큰 정도','2021-07-26 14:27:56','2021-07-26 14:27:56'),('TIME','시간','TIMESTAMP','타임스탬프','TIMESTAMP','TIMESTAMPD','타임스탬프D','TIMESTAMP','TIMESTAMP','일자 + 시간형태로 TIMESTAMP 타입','2021-07-08 14:34:23','2021-07-08 14:34:23'),('TIME','시간','TIMESTAMP','타임스탬프','TIMESTAMP','TIMESTAMPV20','타임스탬프V20','VARCHAR','20','문자열 형태의 일자시분초 100만분의1 단위까지 표시','2021-07-08 10:26:14','2021-07-08 10:26:14'),('TEXT','텍스트','PASSWORD','패스워드','PASSWORD','PASSWORDV100','패스워드V100','VARCHAR','100','패스워드','2021-07-08 10:26:14','2021-07-08 10:26:14'),('TEXT','텍스트','PASSWORD','패스워드','PASSWORD','PASSWORDV20','패스워드V20','VARCHAR','20','패스워드','2021-07-08 10:26:14','2021-07-08 10:26:14'),('NUMBER','숫자','TO','회차','TO','TON3','회차N3','SMALLINT','3','횟수의 차례 ','2021-07-08 10:26:14','2021-07-08 10:26:14'),('NUMBER','숫자','TO','회차','TO','TON6','회차N6','MEDIUMINT','6','횟수의 차례 ','2021-07-08 10:26:14','2021-07-08 10:26:14');
/*!40000 ALTER TABLE `domain` ENABLE KEYS */;
UNLOCK TABLES;

--
-- Table structure for table `location`
--

DROP TABLE IF EXISTS `location`;
/*!40101 SET @saved_cs_client     = @@character_set_client */;
/*!50503 SET character_set_client = utf8mb4 */;
CREATE TABLE `location` (
  `location_id` bigint(20) NOT NULL AUTO_INCREMENT COMMENT '지역 id',
  `location_name` varchar(200) NOT NULL COMMENT '지역 명',
  `use_at` tinyint(1) DEFAULT '1' COMMENT '사용여부',
  `sort_seq` smallint(3) DEFAULT NULL COMMENT '정렬 순서',
  `create_date` datetime(6) DEFAULT NULL COMMENT '생성 일시',
  `modified_date` datetime(6) DEFAULT NULL COMMENT '수정 일시',
  `created_by` varchar(255) DEFAULT NULL COMMENT '생정자 id',
  `last_modified_by` varchar(255) DEFAULT NULL COMMENT '수정자 id',
  PRIMARY KEY (`location_id`),
  UNIQUE KEY `location_id_uindex` (`location_id`)
) ENGINE=InnoDB AUTO_INCREMENT=1 DEFAULT CHARSET=utf8mb4 COMMENT='예약 지역';
/*!40101 SET character_set_client = @saved_cs_client */;


--
-- Table structure for table `login_log`
--

DROP TABLE IF EXISTS `login_log`;
/*!40101 SET @saved_cs_client     = @@character_set_client */;
/*!50503 SET character_set_client = utf8mb4 */;
CREATE TABLE `login_log` (
  `log_id` bigint(20) NOT NULL AUTO_INCREMENT COMMENT '로그 id',
  `site_id` bigint(20) DEFAULT NULL COMMENT '사이트 id',
  `email_addr` varchar(100) DEFAULT NULL COMMENT '이메일 주소',
  `ip_addr` varchar(50) DEFAULT NULL COMMENT 'ip 주소',
  `success_at` bit(1) NOT NULL COMMENT '성공 여부',
  `fail_content` varchar(500) DEFAULT NULL COMMENT '실패 내용',
  `created_date` datetime(6) DEFAULT NULL COMMENT '생성 일시',
  `modified_date` datetime(6) DEFAULT NULL COMMENT '수정 일시',
  PRIMARY KEY (`log_id`)
) ENGINE=InnoDB AUTO_INCREMENT=1 DEFAULT CHARSET=utf8mb4 COMMENT='로그인 log';
/*!40101 SET character_set_client = @saved_cs_client */;

--
-- Table structure for table `menu`
--

DROP TABLE IF EXISTS `menu`;
/*!40101 SET @saved_cs_client     = @@character_set_client */;
/*!50503 SET character_set_client = utf8mb4 */;
CREATE TABLE `menu` (
  `menu_id` bigint(20) NOT NULL AUTO_INCREMENT COMMENT '메뉴 id',
  `created_date` datetime(6) DEFAULT NULL COMMENT '생성 일시',
  `modified_date` datetime(6) DEFAULT NULL COMMENT '수정 일시',
  `created_by` varchar(255) DEFAULT NULL COMMENT '생성자 id',
  `last_modified_by` varchar(255) DEFAULT NULL COMMENT '수정자 id',
  `connect_id` int(11) DEFAULT NULL COMMENT '연결 id',
  `menu_description` varchar(500) DEFAULT NULL COMMENT '메뉴 설명',
  `icon_name` varchar(100) DEFAULT NULL COMMENT '아이콘 명',
  `blank_at` tinyint(1) DEFAULT '0' COMMENT '연결 형태',
  `show_at` tinyint(1) DEFAULT '1' COMMENT '출력 여부',
  `use_at` tinyint(1) DEFAULT '1' COMMENT '사용여부',
  `level_no` int(11) DEFAULT NULL COMMENT '레벨 번호',
  `menu_eng_name` varchar(100) DEFAULT NULL COMMENT '메뉴 영문 명',
  `menu_kor_name` varchar(100) DEFAULT NULL COMMENT '메뉴 한글 명',
  `type_id` varchar(20) DEFAULT NULL COMMENT '메뉴 유형 id',
  `sort_seq` smallint(3) DEFAULT NULL COMMENT '정렬 순서',
  `sub_name` varchar(200) DEFAULT NULL COMMENT '메뉴 서브 명',
  `url_path` varchar(200) DEFAULT NULL COMMENT '링크 url',
  `parent_menu_id` bigint(20) DEFAULT NULL COMMENT '부모 메뉴 id',
  `site_id` bigint(20) DEFAULT NULL COMMENT '사이트 id',
  `menu_name` varchar(100) DEFAULT NULL COMMENT '메뉴 명',
  PRIMARY KEY (`menu_id`),
  KEY `FKht6h4dvumr09qxk95r1qcgjd8` (`parent_menu_id`),
  KEY `FK4qst6t3g41rgiqkbqj45cooyf` (`site_id`),
  CONSTRAINT `FK4qst6t3g41rgiqkbqj45cooyf` FOREIGN KEY (`site_id`) REFERENCES `site` (`site_id`),
  CONSTRAINT `FKht6h4dvumr09qxk95r1qcgjd8` FOREIGN KEY (`parent_menu_id`) REFERENCES `menu` (`menu_id`)
) ENGINE=InnoDB AUTO_INCREMENT=136 DEFAULT CHARSET=utf8mb4 COMMENT='메뉴';
/*!40101 SET character_set_client = @saved_cs_client */;

--
-- Dumping data for table `menu`
--

LOCK TABLES `menu` WRITE;
/*!40000 ALTER TABLE `menu` DISABLE KEYS */;
INSERT INTO `menu` VALUES (34,'2021-08-12 11:20:08.626000','2021-08-12 17:00:53.363000','87638675-11fa-49e5-9bd1-d2524bf6fa45','87638675-11fa-49e5-9bd1-d2524bf6fa45',NULL,'','',0,1,1,1,'Service','서비스 관리','empty',1,'','',NULL,1,NULL),(35,'2021-08-12 11:20:33.451000','2021-08-12 11:22:06.065000','87638675-11fa-49e5-9bd1-d2524bf6fa45','87638675-11fa-49e5-9bd1-d2524bf6fa45',NULL,'','toc',0,1,1,2,'Contents','컨텐츠 관리','inside',1,'','/content',34,1,NULL),(36,'2021-08-12 11:22:14.798000','2021-08-12 13:59:45.605000','87638675-11fa-49e5-9bd1-d2524bf6fa45','87638675-11fa-49e5-9bd1-d2524bf6fa45',NULL,'','toc',0,1,1,2,'Board','게시판 관리','inside',2,'','/board',34,1,NULL),(37,'2021-08-12 11:23:19.874000','2021-08-12 13:59:45.606000','87638675-11fa-49e5-9bd1-d2524bf6fa45','87638675-11fa-49e5-9bd1-d2524bf6fa45',NULL,'','toc',0,1,1,2,'Banner','배너관리','inside',3,'','/banner',34,1,NULL),(38,'2021-08-12 11:23:21.537000','2021-08-13 14:05:37.732000','87638675-11fa-49e5-9bd1-d2524bf6fa45','87638675-11fa-49e5-9bd1-d2524bf6fa45',NULL,'','attachment',0,1,1,2,'Attachments','첨부파일 관리','inside',4,'','/attachment',34,1,NULL),(39,'2021-08-12 11:26:18.802000','2021-08-12 16:52:44.273000','87638675-11fa-49e5-9bd1-d2524bf6fa45','87638675-11fa-49e5-9bd1-d2524bf6fa45',NULL,'dfsdf','settings',0,1,1,1,'Settings','설정관리','empty',2,'','',NULL,1,NULL),(40,'2021-08-12 11:26:45.300000','2021-08-12 11:27:42.439000','87638675-11fa-49e5-9bd1-d2524bf6fa45','87638675-11fa-49e5-9bd1-d2524bf6fa45',NULL,'','apps',0,1,1,2,'Code','공통코드 관리','inside',1,'','/code',39,1,NULL),(41,'2021-08-12 11:26:46.053000','2021-08-12 13:59:45.607000','87638675-11fa-49e5-9bd1-d2524bf6fa45','87638675-11fa-49e5-9bd1-d2524bf6fa45',NULL,'','apps',0,1,1,2,'Code Detail','공통코드 상세 관리','inside',2,'','/code/detail',39,1,NULL),(42,'2021-08-12 11:26:46.762000','2021-08-12 13:59:45.607000','87638675-11fa-49e5-9bd1-d2524bf6fa45','87638675-11fa-49e5-9bd1-d2524bf6fa45',NULL,'','apps',0,1,1,2,'Menu','메뉴 관리','inside',3,'','/menu',39,1,NULL),(43,'2021-08-12 11:26:47.477000','2021-08-17 17:22:12.014000','87638675-11fa-49e5-9bd1-d2524bf6fa45','87638675-11fa-49e5-9bd1-d2524bf6fa45',NULL,'','lock',0,1,1,2,'Menu Role','권한별 메뉴 관리','inside',4,'','/menu/role',39,1,NULL),(44,'2021-08-12 11:26:48.326000','2021-08-12 13:59:45.608000','87638675-11fa-49e5-9bd1-d2524bf6fa45','87638675-11fa-49e5-9bd1-d2524bf6fa45',NULL,'','apps',0,1,1,2,'Policy','이용약관 관리','inside',5,'','/policy',39,1,NULL),(45,'2021-08-12 11:26:49.336000','2021-08-12 13:59:45.608000','87638675-11fa-49e5-9bd1-d2524bf6fa45','87638675-11fa-49e5-9bd1-d2524bf6fa45',NULL,'','apps',0,1,1,2,'Privacy','개인정보처리방침 관리','inside',6,'','/privacy',39,1,NULL),(46,'2021-08-12 11:26:50.258000','2021-08-12 13:59:45.609000','87638675-11fa-49e5-9bd1-d2524bf6fa45','87638675-11fa-49e5-9bd1-d2524bf6fa45',NULL,'','lock',0,1,1,2,'Role','권한 관리','inside',7,'','/role',39,1,NULL),(47,'2021-08-12 11:26:51.275000','2021-08-12 13:59:45.609000','87638675-11fa-49e5-9bd1-d2524bf6fa45','87638675-11fa-49e5-9bd1-d2524bf6fa45',NULL,'','lock',0,1,1,2,'Authorization','인가 관리','inside',8,'','/authorization',39,1,NULL),(48,'2021-08-12 11:26:52.197000','2021-08-12 13:59:45.610000','87638675-11fa-49e5-9bd1-d2524bf6fa45','87638675-11fa-49e5-9bd1-d2524bf6fa45',NULL,'','lock',0,1,1,2,'Role Authorization','권한인가 관리','inside',9,'','/role-authorization',39,1,NULL),(52,'2021-08-17 17:37:17.780000','2021-08-17 17:37:43.494000','87638675-11fa-49e5-9bd1-d2524bf6fa45','87638675-11fa-49e5-9bd1-d2524bf6fa45',NULL,'','',0,1,1,1,'Intro','소개','empty',1,'','',NULL,2,NULL),(53,'2021-08-17 17:37:20.929000','2021-08-17 17:37:57.163000','87638675-11fa-49e5-9bd1-d2524bf6fa45','87638675-11fa-49e5-9bd1-d2524bf6fa45',NULL,'','',0,1,1,1,'Reserve','예약 서비스','empty',2,'','',NULL,2,NULL),(54,'2021-08-17 17:37:23.625000','2021-08-17 17:38:08.706000','87638675-11fa-49e5-9bd1-d2524bf6fa45','87638675-11fa-49e5-9bd1-d2524bf6fa45',NULL,'','',0,1,1,1,'Notice','알림마당','empty',3,'','',NULL,2,NULL),(55,'2021-08-17 17:37:24.524000','2021-08-17 17:38:21.850000','87638675-11fa-49e5-9bd1-d2524bf6fa45','87638675-11fa-49e5-9bd1-d2524bf6fa45',NULL,'','',0,1,1,1,'Info','정보마당','empty',4,'','',NULL,2,NULL),(56,'2021-08-17 17:38:25.555000','2021-10-18 17:45:34.252000','87638675-11fa-49e5-9bd1-d2524bf6fa45','87638675-11fa-49e5-9bd1-d2524bf6fa45',1,'','',0,1,1,2,'Overview','소개','contents',1,'','',52,2,NULL),(57,'2021-08-17 17:38:27.149000','2021-10-13 18:42:51.631000','87638675-11fa-49e5-9bd1-d2524bf6fa45','87638675-11fa-49e5-9bd1-d2524bf6fa45',2,'','',0,1,1,2,'History','연혁','contents',2,'','',52,2,NULL),(58,'2021-08-17 17:38:28.299000','2021-10-13 18:42:42.495000','87638675-11fa-49e5-9bd1-d2524bf6fa45','87638675-11fa-49e5-9bd1-d2524bf6fa45',3,'','',0,1,1,2,'Organizational Chart','조직도','contents',3,'','',52,2,NULL),(59,'2021-08-17 17:42:16.467000','2021-10-13 18:42:33.352000','87638675-11fa-49e5-9bd1-d2524bf6fa45','87638675-11fa-49e5-9bd1-d2524bf6fa45',4,'','',0,1,1,2,'Location','찾아오시는길','contents',4,'','',52,2,NULL),(60,'2021-08-17 17:42:51.829000','2021-09-27 13:14:43.084000','87638675-11fa-49e5-9bd1-d2524bf6fa45','87638675-11fa-49e5-9bd1-d2524bf6fa45',NULL,'','',0,1,1,2,'All','전체','inside',1,'','/reserve/all',53,2,NULL),(65,'2021-08-18 10:39:14.943000','2021-08-18 10:39:29.278000','87638675-11fa-49e5-9bd1-d2524bf6fa45','87638675-11fa-49e5-9bd1-d2524bf6fa45',NULL,'','',0,1,1,1,'Intro','소개','empty',1,'','',NULL,3,NULL),(66,'2021-08-18 10:39:16.171000','2021-08-18 10:39:46.513000','87638675-11fa-49e5-9bd1-d2524bf6fa45','87638675-11fa-49e5-9bd1-d2524bf6fa45',NULL,'','',0,1,1,1,'Notice','알림마당','empty',2,'','',NULL,3,NULL),(67,'2021-08-18 10:39:17.014000','2021-08-18 10:40:03.327000','87638675-11fa-49e5-9bd1-d2524bf6fa45','87638675-11fa-49e5-9bd1-d2524bf6fa45',NULL,'','',0,1,1,1,'Info','정보마당','empty',3,'','',NULL,3,NULL),(68,'2021-08-18 10:40:08.044000','2021-08-27 08:55:08.332000','87638675-11fa-49e5-9bd1-d2524bf6fa45','87638675-11fa-49e5-9bd1-d2524bf6fa45',1,'','',0,1,1,2,'Overview','소개','contents',1,'','',65,3,NULL),(69,'2021-08-18 10:40:08.754000','2021-09-07 11:36:31.965000','87638675-11fa-49e5-9bd1-d2524bf6fa45','65a00f65-8460-49af-98ec-042977e56f4b',2,'','',0,1,1,2,'History','연혁','contents',2,'','',65,3,NULL),(70,'2021-08-18 10:40:09.401000','2021-09-07 11:36:37.934000','87638675-11fa-49e5-9bd1-d2524bf6fa45','65a00f65-8460-49af-98ec-042977e56f4b',3,'','',0,1,1,2,'Organizational Chart','조직도','contents',3,'','',65,3,NULL),(71,'2021-08-18 10:40:10.121000','2021-09-07 11:36:44.005000','87638675-11fa-49e5-9bd1-d2524bf6fa45','65a00f65-8460-49af-98ec-042977e56f4b',4,'','',0,1,1,2,'Location','찾아오시는길','contents',4,'','',65,3,NULL),(72,'2021-08-18 10:41:08.323000','2021-10-08 09:38:14.906000','87638675-11fa-49e5-9bd1-d2524bf6fa45','65a00f65-8460-49af-98ec-042977e56f4b',1,'','',0,1,1,2,'Notice','공지사항','board',1,'','',66,3,NULL),(73,'2021-08-18 10:41:08.952000','2021-10-08 09:38:29.287000','87638675-11fa-49e5-9bd1-d2524bf6fa45','65a00f65-8460-49af-98ec-042977e56f4b',2,'','',0,1,1,2,'Free','자료실','board',2,'','',66,3,NULL),(74,'2021-08-18 10:41:39.996000','2021-08-27 08:54:36.942000','87638675-11fa-49e5-9bd1-d2524bf6fa45','87638675-11fa-49e5-9bd1-d2524bf6fa45',4,'','',0,1,1,2,'FAQ','자주묻는질문','board',1,'','',67,3,NULL),(75,'2021-08-18 10:41:40.544000','2021-10-08 09:38:41.610000','87638675-11fa-49e5-9bd1-d2524bf6fa45','65a00f65-8460-49af-98ec-042977e56f4b',3,'','',0,1,1,2,'QnA','묻고답하기','board',2,'','',67,3,NULL),(76,'2021-09-07 11:00:27.438000','2021-09-07 20:09:41.881000','87638675-11fa-49e5-9bd1-d2524bf6fa45','87638675-11fa-49e5-9bd1-d2524bf6fa45',NULL,'','timeline',0,1,1,1,'Statistics','통계 관리','empty',3,'','',NULL,1,NULL),(77,'2021-09-07 11:00:50.060000','2021-09-07 20:10:10.820000','87638675-11fa-49e5-9bd1-d2524bf6fa45','87638675-11fa-49e5-9bd1-d2524bf6fa45',NULL,'','timeline',0,1,1,2,'Statistics','접속통계','inside',1,'','/statistics',76,1,NULL),(78,'2021-09-16 09:52:11.428000','2021-09-16 10:01:04.467000','65a00f65-8460-49af-98ec-042977e56f4b','65a00f65-8460-49af-98ec-042977e56f4b',NULL,'','',0,1,1,1,'My Page','마이페이지','empty',4,'','',NULL,3,NULL),(80,'2021-09-16 09:53:38.348000','2021-09-16 14:33:13.359000','65a00f65-8460-49af-98ec-042977e56f4b','65a00f65-8460-49af-98ec-042977e56f4b',NULL,'','',0,1,1,2,'Change password','비밀번호 변경','inside',1,'','/user/password',78,3,NULL),(81,'2021-09-16 09:53:39.933000','2021-09-16 10:03:00.508000','65a00f65-8460-49af-98ec-042977e56f4b','65a00f65-8460-49af-98ec-042977e56f4b',NULL,'','',0,1,1,2,'My info','회원정보 변경','inside',1,'','/user/info',78,3,NULL),(82,'2021-09-16 09:53:41.138000','2021-09-16 10:03:47.518000','65a00f65-8460-49af-98ec-042977e56f4b','65a00f65-8460-49af-98ec-042977e56f4b',NULL,'','',0,1,1,2,'Delete your account','회원탈퇴','inside',1,'','/user/leave',78,3,NULL),(83,'2021-09-16 14:03:31.949000','2021-09-16 14:07:13.910000','87638675-11fa-49e5-9bd1-d2524bf6fa45','87638675-11fa-49e5-9bd1-d2524bf6fa45',NULL,'','business',0,1,1,1,'Reservation','예약 관리','empty',4,'','',NULL,1,NULL),(84,'2021-09-16 14:07:20.503000','2021-09-16 14:14:03.933000','87638675-11fa-49e5-9bd1-d2524bf6fa45','87638675-11fa-49e5-9bd1-d2524bf6fa45',NULL,'','place',0,1,1,2,'Location','예약 지역 관리','inside',1,'','/location',83,1,NULL),(85,'2021-09-16 14:07:33.390000','2021-09-16 14:11:01.810000','87638675-11fa-49e5-9bd1-d2524bf6fa45','87638675-11fa-49e5-9bd1-d2524bf6fa45',NULL,'','queue',0,1,1,2,'Reserve Item','예약 물품 관리','inside',1,'','/reserve-item',83,1,NULL),(86,'2021-09-16 14:07:36.055000','2021-09-16 14:12:31.797000','87638675-11fa-49e5-9bd1-d2524bf6fa45','87638675-11fa-49e5-9bd1-d2524bf6fa45',NULL,'','check',0,1,1,2,'Reserve','예약 신청 관리','inside',1,'','/reserve',83,1,NULL),(87,'2021-09-23 11:40:41.633000','2021-09-23 11:41:37.626000','65a00f65-8460-49af-98ec-042977e56f4b','65a00f65-8460-49af-98ec-042977e56f4b',NULL,'','lock',0,1,1,2,'User','사용자 관리','inside',1,'','/user',39,1,NULL),(88,'2021-09-24 11:00:48.287000','2021-09-24 11:01:16.812000','87638675-11fa-49e5-9bd1-d2524bf6fa45','87638675-11fa-49e5-9bd1-d2524bf6fa45',NULL,'','',0,0,1,3,'Reserve Item Search','예약 물품 검색','empty',1,'','',86,1,NULL),(89,'2021-09-27 13:12:27.664000','2021-09-27 13:16:10.320000','87638675-11fa-49e5-9bd1-d2524bf6fa45','87638675-11fa-49e5-9bd1-d2524bf6fa45',NULL,'','',0,1,1,2,'Equipment','장비','inside',2,'','/reserve/equipment',53,2,NULL),(90,'2021-09-27 13:12:29.064000','2021-09-27 13:16:10.321000','87638675-11fa-49e5-9bd1-d2524bf6fa45','87638675-11fa-49e5-9bd1-d2524bf6fa45',NULL,'','',0,1,1,2,'Education','교육','inside',3,'','/reserve/education',53,2,NULL),(91,'2021-09-27 13:12:30.142000','2021-09-27 13:16:10.321000','87638675-11fa-49e5-9bd1-d2524bf6fa45','87638675-11fa-49e5-9bd1-d2524bf6fa45',NULL,'','',0,1,1,2,'Space','공간','inside',4,'','/reserve/space',53,2,NULL),(96,'2021-10-06 17:31:51.247000','2021-10-06 17:32:43.238000','87638675-11fa-49e5-9bd1-d2524bf6fa45','87638675-11fa-49e5-9bd1-d2524bf6fa45',NULL,'','',0,1,1,1,'Service','서비스 관리','empty',1,'','',NULL,4,NULL),(97,'2021-10-06 17:31:56.593000','2021-10-06 17:34:59.347000','87638675-11fa-49e5-9bd1-d2524bf6fa45','87638675-11fa-49e5-9bd1-d2524bf6fa45',NULL,'','settings',0,1,1,1,'Settings','설정 관리','empty',2,'','',NULL,4,NULL),(98,'2021-10-06 17:31:57.666000','2021-10-06 17:35:19.259000','87638675-11fa-49e5-9bd1-d2524bf6fa45','87638675-11fa-49e5-9bd1-d2524bf6fa45',NULL,'','timeline',0,1,1,1,'Statistics','통계 관리','empty',3,'','',NULL,4,NULL),(99,'2021-10-06 17:32:46.326000','2021-10-06 17:33:15.246000','87638675-11fa-49e5-9bd1-d2524bf6fa45','87638675-11fa-49e5-9bd1-d2524bf6fa45',NULL,'','toc',0,1,1,2,'Contents','컨텐츠 관리','inside',1,'','/content',96,4,NULL),(100,'2021-10-06 17:32:47.042000','2021-10-06 17:33:39.276000','87638675-11fa-49e5-9bd1-d2524bf6fa45','87638675-11fa-49e5-9bd1-d2524bf6fa45',NULL,'','toc',0,1,1,2,'Board','게시판 관리','inside',1,'','/board',96,4,NULL),(101,'2021-10-06 17:32:47.753000','2021-10-06 17:34:14.937000','87638675-11fa-49e5-9bd1-d2524bf6fa45','87638675-11fa-49e5-9bd1-d2524bf6fa45',NULL,'','toc',0,1,1,2,'Banner','배너 관리','inside',1,'','/banner',96,4,NULL),(102,'2021-10-06 17:32:48.736000','2021-10-06 17:34:34.625000','87638675-11fa-49e5-9bd1-d2524bf6fa45','87638675-11fa-49e5-9bd1-d2524bf6fa45',NULL,'','attachment',0,1,1,2,'Attachments','첨부파일 관리','inside',1,'','/attachment',96,4,NULL),(103,'2021-10-06 17:35:38.053000','2021-10-06 17:36:10.336000','87638675-11fa-49e5-9bd1-d2524bf6fa45','87638675-11fa-49e5-9bd1-d2524bf6fa45',NULL,'','apps',0,1,1,2,'Code','공통코드 관리','inside',1,'','/code',97,4,NULL),(104,'2021-10-06 17:35:39.216000','2021-10-06 17:36:35.972000','87638675-11fa-49e5-9bd1-d2524bf6fa45','87638675-11fa-49e5-9bd1-d2524bf6fa45',NULL,'','apps',0,1,1,2,'Code Detail','공통코드 상세 관리','inside',1,'','/code/detail',97,4,NULL),(105,'2021-10-06 17:35:40.754000','2021-10-06 17:36:50.474000','87638675-11fa-49e5-9bd1-d2524bf6fa45','87638675-11fa-49e5-9bd1-d2524bf6fa45',NULL,'','apps',0,1,1,2,'Menu','메뉴관리','inside',1,'','/menu',97,4,NULL),(106,'2021-10-06 17:35:41.484000','2021-10-06 17:37:21.068000','87638675-11fa-49e5-9bd1-d2524bf6fa45','87638675-11fa-49e5-9bd1-d2524bf6fa45',NULL,'','lock',0,1,1,2,'Menu Role','권한별 메뉴 관리','inside',1,'','/menu/role',97,4,NULL),(107,'2021-10-06 17:35:41.970000','2021-10-06 17:37:43.874000','87638675-11fa-49e5-9bd1-d2524bf6fa45','87638675-11fa-49e5-9bd1-d2524bf6fa45',NULL,'','apps',0,1,1,2,'Policy','이용약관 관리','inside',1,'','/policy',97,4,NULL),(108,'2021-10-06 17:35:42.541000','2021-10-06 17:38:06.345000','87638675-11fa-49e5-9bd1-d2524bf6fa45','87638675-11fa-49e5-9bd1-d2524bf6fa45',NULL,'','apps',0,1,1,2,'Privacy','개인정보처리방침 관리','inside',1,'','/privacy',97,4,NULL),(109,'2021-10-06 17:35:43.043000','2021-10-06 17:38:23.405000','87638675-11fa-49e5-9bd1-d2524bf6fa45','87638675-11fa-49e5-9bd1-d2524bf6fa45',NULL,'','lock',0,1,1,2,'Role','권한 관리','inside',1,'','/role',97,4,NULL),(110,'2021-10-06 17:35:43.676000','2021-10-06 17:38:46.432000','87638675-11fa-49e5-9bd1-d2524bf6fa45','87638675-11fa-49e5-9bd1-d2524bf6fa45',NULL,'','lock',0,1,1,2,'Authorization','인가 관리','inside',1,'','/authorization',97,4,NULL),(111,'2021-10-06 17:35:44.233000','2021-10-06 17:39:04.925000','87638675-11fa-49e5-9bd1-d2524bf6fa45','87638675-11fa-49e5-9bd1-d2524bf6fa45',NULL,'','lock',0,1,1,2,'Role Authorization','권한인가 관리','inside',1,'','/role-authorization',97,4,NULL),(112,'2021-10-06 17:35:49.660000','2021-10-06 17:39:29.325000','87638675-11fa-49e5-9bd1-d2524bf6fa45','87638675-11fa-49e5-9bd1-d2524bf6fa45',NULL,'','apps',0,1,1,2,'User','사용자 관리','inside',1,'','/user',97,4,NULL),(113,'2021-10-06 17:39:40.517000','2021-10-06 17:40:11.767000','87638675-11fa-49e5-9bd1-d2524bf6fa45','87638675-11fa-49e5-9bd1-d2524bf6fa45',NULL,'','timeline',0,1,1,2,'Statistics','접속 통계','inside',1,'','/statistics',98,4,NULL),(114,'2021-10-08 09:27:46.464000','2021-10-08 09:28:40.499000','65a00f65-8460-49af-98ec-042977e56f4b','65a00f65-8460-49af-98ec-042977e56f4b',NULL,'','toc',0,0,1,3,'Posts','게시물 관리','inside',1,'','/posts',36,1,NULL),(115,'2021-10-12 10:14:26.710000','2021-10-13 17:14:09.107000','87638675-11fa-49e5-9bd1-d2524bf6fa45','87638675-11fa-49e5-9bd1-d2524bf6fa45',NULL,'','',0,0,1,1,'Bottoms','하단 메뉴','bottom',5,'','',NULL,3,NULL),(117,'2021-10-13 16:25:09.782000','2021-10-13 16:25:41.605000','87638675-11fa-49e5-9bd1-d2524bf6fa45','87638675-11fa-49e5-9bd1-d2524bf6fa45',1,'','',0,1,1,2,'Notice','공지사항','board',1,'','',54,2,NULL),(118,'2021-10-13 16:25:10.724000','2021-10-13 17:04:08.457000','87638675-11fa-49e5-9bd1-d2524bf6fa45','87638675-11fa-49e5-9bd1-d2524bf6fa45',2,'','',0,1,1,2,'Info','자료실','board',2,'','',54,2,NULL),(119,'2021-10-13 16:25:13.547000','2021-10-13 16:29:27.339000','87638675-11fa-49e5-9bd1-d2524bf6fa45','87638675-11fa-49e5-9bd1-d2524bf6fa45',4,'','',0,1,1,2,'FAQ','자주묻는질문','board',1,'','',55,2,NULL),(120,'2021-10-13 16:25:14.375000','2021-10-13 17:04:08.458000','87638675-11fa-49e5-9bd1-d2524bf6fa45','87638675-11fa-49e5-9bd1-d2524bf6fa45',3,'','',0,1,1,2,'QnA','묻고 답하기','board',2,'','',55,2,NULL),(121,'2021-10-13 17:02:19.803000','2021-10-13 17:02:38.116000','87638675-11fa-49e5-9bd1-d2524bf6fa45','87638675-11fa-49e5-9bd1-d2524bf6fa45',NULL,'','',0,1,1,1,'My Page','마이페이지','empty',5,'','',NULL,2,NULL),(122,'2021-10-13 17:02:43.730000','2021-10-13 17:03:10.299000','87638675-11fa-49e5-9bd1-d2524bf6fa45','87638675-11fa-49e5-9bd1-d2524bf6fa45',NULL,'','',0,1,1,2,'Change password','비밀번호 변경','inside',1,'','/user/password',121,2,NULL),(123,'2021-10-13 17:02:44.354000','2021-10-13 17:04:08.458000','87638675-11fa-49e5-9bd1-d2524bf6fa45','87638675-11fa-49e5-9bd1-d2524bf6fa45',NULL,'','',0,1,1,2,'My Info','회원정보 변경','inside',2,'','/user/info',121,2,NULL),(124,'2021-10-13 17:02:45.100000','2021-10-13 17:04:08.458000','87638675-11fa-49e5-9bd1-d2524bf6fa45','87638675-11fa-49e5-9bd1-d2524bf6fa45',NULL,'','',0,1,1,2,'Delete Your account','회원 탈퇴','inside',3,'','/user/leave',121,2,NULL),(125,'2021-10-13 17:04:04.791000','2021-10-13 17:04:27.294000','87638675-11fa-49e5-9bd1-d2524bf6fa45','87638675-11fa-49e5-9bd1-d2524bf6fa45',NULL,'','',0,1,1,2,'Reservation','예약 현황','inside',4,'','/user/reserve',121,2,NULL),(126,'2021-10-13 17:04:40.456000','2021-10-13 17:13:34.649000','87638675-11fa-49e5-9bd1-d2524bf6fa45','87638675-11fa-49e5-9bd1-d2524bf6fa45',NULL,'','',0,0,1,1,'Bottoms','하단메뉴','bottom',6,'','',NULL,2,NULL),(128,'2021-10-13 17:06:49.132000','2021-10-13 17:08:23.850000','87638675-11fa-49e5-9bd1-d2524bf6fa45','87638675-11fa-49e5-9bd1-d2524bf6fa45',1,'','',0,0,1,2,'Overview','소개','contents',1,'','',126,2,NULL),(129,'2021-10-13 17:06:49.428000','2021-10-13 17:08:07.250000','87638675-11fa-49e5-9bd1-d2524bf6fa45','87638675-11fa-49e5-9bd1-d2524bf6fa45',NULL,'','',0,0,1,2,'Privacy','개인정보 처리 방침','inside',1,'','/privacy',126,2,NULL),(130,'2021-10-13 17:06:49.933000','2021-10-13 17:08:44.178000','87638675-11fa-49e5-9bd1-d2524bf6fa45','87638675-11fa-49e5-9bd1-d2524bf6fa45',4,'','',0,0,1,2,'FAQ','자주묻는질문','board',1,'','',126,2,NULL),(131,'2021-10-13 17:06:50.437000','2021-10-13 17:09:14.087000','87638675-11fa-49e5-9bd1-d2524bf6fa45','87638675-11fa-49e5-9bd1-d2524bf6fa45',4,'','',0,0,1,2,'Location','찾아오시는길','contents',1,'','',126,2,NULL),(132,'2021-10-13 17:10:07.989000','2021-10-13 17:10:26.087000','87638675-11fa-49e5-9bd1-d2524bf6fa45','87638675-11fa-49e5-9bd1-d2524bf6fa45',1,'','',0,0,1,2,'Overview','소개','contents',1,'','',115,3,NULL),(133,'2021-10-13 17:10:08.405000','2021-10-13 17:10:40.943000','87638675-11fa-49e5-9bd1-d2524bf6fa45','87638675-11fa-49e5-9bd1-d2524bf6fa45',NULL,'','',0,0,1,2,'Privacy','개인정보 처리 방침','inside',1,'','/privacy',115,3,NULL),(134,'2021-10-13 17:10:08.851000','2021-10-13 17:11:03.031000','87638675-11fa-49e5-9bd1-d2524bf6fa45','87638675-11fa-49e5-9bd1-d2524bf6fa45',4,'','',0,0,1,2,'FAQ','자주묻는질문','board',1,'','',115,3,NULL),(135,'2021-10-13 17:10:09.425000','2021-10-13 17:11:32.403000','87638675-11fa-49e5-9bd1-d2524bf6fa45','87638675-11fa-49e5-9bd1-d2524bf6fa45',4,'','',0,0,1,2,'Location','찾아오시는길','contents',1,'','',115,3,NULL);
/*!40000 ALTER TABLE `menu` ENABLE KEYS */;
UNLOCK TABLES;

--
-- Table structure for table `menu_role`
--

DROP TABLE IF EXISTS `menu_role`;
/*!40101 SET @saved_cs_client     = @@character_set_client */;
/*!50503 SET character_set_client = utf8mb4 */;
CREATE TABLE `menu_role` (
  `menu_role_id` bigint(20) NOT NULL AUTO_INCREMENT COMMENT '권한멸 메뉴 id',
  `created_date` datetime(6) DEFAULT NULL COMMENT '생성 일시',
  `modified_date` datetime(6) DEFAULT NULL COMMENT '수정 일시',
  `created_by` varchar(255) DEFAULT NULL COMMENT '생성자 id',
  `last_modified_by` varchar(255) DEFAULT NULL COMMENT '수정자 id',
  `show_at` tinyint(1) DEFAULT '1' COMMENT '출력 여부',
  `role_id` varchar(20) NOT NULL COMMENT '권한 id',
  `menu_id` bigint(20) NOT NULL COMMENT '메뉴 id',
  PRIMARY KEY (`menu_role_id`),
  KEY `FK3gapbw9hw4pgxo6x90qb1b69` (`menu_id`),
  CONSTRAINT `FK3gapbw9hw4pgxo6x90qb1b69` FOREIGN KEY (`menu_id`) REFERENCES `menu` (`menu_id`)
) ENGINE=InnoDB AUTO_INCREMENT=304 DEFAULT CHARSET=utf8mb4 COMMENT='권한별 메뉴';
/*!40101 SET character_set_client = @saved_cs_client */;

--
-- Dumping data for table `menu_role`
--

LOCK TABLES `menu_role` WRITE;
/*!40000 ALTER TABLE `menu_role` DISABLE KEYS */;
INSERT INTO `menu_role` VALUES (1,'2021-08-17 10:19:05.829000','2021-08-17 10:19:05.829000','87638675-11fa-49e5-9bd1-d2524bf6fa45','87638675-11fa-49e5-9bd1-d2524bf6fa45',1,'ROLE_ADMIN',34),(5,'2021-08-17 10:23:05.606000','2021-08-17 10:23:05.606000','87638675-11fa-49e5-9bd1-d2524bf6fa45','87638675-11fa-49e5-9bd1-d2524bf6fa45',1,'ROLE_ADMIN',38),(6,'2021-08-17 10:25:54.532000','2021-08-17 10:25:54.532000','87638675-11fa-49e5-9bd1-d2524bf6fa45','87638675-11fa-49e5-9bd1-d2524bf6fa45',1,'ROLE_ADMIN',36),(9,'2021-08-17 13:59:15.466000','2021-08-17 13:59:15.466000','87638675-11fa-49e5-9bd1-d2524bf6fa45','87638675-11fa-49e5-9bd1-d2524bf6fa45',1,'ROLE_EMPLOYEE',34),(11,'2021-08-17 13:59:15.532000','2021-08-17 13:59:15.532000','87638675-11fa-49e5-9bd1-d2524bf6fa45','87638675-11fa-49e5-9bd1-d2524bf6fa45',1,'ROLE_EMPLOYEE',38),(14,'2021-08-17 14:05:45.131000','2021-08-17 14:05:45.131000','87638675-11fa-49e5-9bd1-d2524bf6fa45','87638675-11fa-49e5-9bd1-d2524bf6fa45',1,'ROLE_ADMIN',35),(15,'2021-08-17 14:05:45.155000','2021-08-17 14:05:45.155000','87638675-11fa-49e5-9bd1-d2524bf6fa45','87638675-11fa-49e5-9bd1-d2524bf6fa45',1,'ROLE_ADMIN',37),(16,'2021-08-17 14:35:04.129000','2021-08-17 14:35:04.129000','87638675-11fa-49e5-9bd1-d2524bf6fa45','87638675-11fa-49e5-9bd1-d2524bf6fa45',1,'ROLE_ADMIN',39),(17,'2021-08-17 14:35:04.152000','2021-08-17 14:35:04.152000','87638675-11fa-49e5-9bd1-d2524bf6fa45','87638675-11fa-49e5-9bd1-d2524bf6fa45',1,'ROLE_ADMIN',40),(18,'2021-08-17 14:35:04.164000','2021-08-17 14:35:04.164000','87638675-11fa-49e5-9bd1-d2524bf6fa45','87638675-11fa-49e5-9bd1-d2524bf6fa45',1,'ROLE_ADMIN',41),(19,'2021-08-17 14:35:04.177000','2021-08-17 14:35:04.177000','87638675-11fa-49e5-9bd1-d2524bf6fa45','87638675-11fa-49e5-9bd1-d2524bf6fa45',1,'ROLE_ADMIN',42),(20,'2021-08-17 14:35:04.197000','2021-08-17 14:35:04.197000','87638675-11fa-49e5-9bd1-d2524bf6fa45','87638675-11fa-49e5-9bd1-d2524bf6fa45',1,'ROLE_ADMIN',43),(21,'2021-08-17 14:35:04.217000','2021-08-17 14:35:04.217000','87638675-11fa-49e5-9bd1-d2524bf6fa45','87638675-11fa-49e5-9bd1-d2524bf6fa45',1,'ROLE_ADMIN',44),(22,'2021-08-17 14:35:04.231000','2021-08-17 14:35:04.231000','87638675-11fa-49e5-9bd1-d2524bf6fa45','87638675-11fa-49e5-9bd1-d2524bf6fa45',1,'ROLE_ADMIN',45),(23,'2021-08-17 14:35:04.251000','2021-08-17 14:35:04.251000','87638675-11fa-49e5-9bd1-d2524bf6fa45','87638675-11fa-49e5-9bd1-d2524bf6fa45',1,'ROLE_ADMIN',46),(24,'2021-08-17 14:35:04.268000','2021-08-17 14:35:04.268000','87638675-11fa-49e5-9bd1-d2524bf6fa45','87638675-11fa-49e5-9bd1-d2524bf6fa45',1,'ROLE_ADMIN',47),(25,'2021-08-17 14:35:04.283000','2021-08-17 14:35:04.283000','87638675-11fa-49e5-9bd1-d2524bf6fa45','87638675-11fa-49e5-9bd1-d2524bf6fa45',1,'ROLE_ADMIN',48),(26,'2021-08-17 18:51:57.095000','2021-08-17 18:51:57.095000','87638675-11fa-49e5-9bd1-d2524bf6fa45','87638675-11fa-49e5-9bd1-d2524bf6fa45',1,'ROLE_ANONYMOUS',52),(27,'2021-08-17 18:51:57.110000','2021-08-17 18:51:57.110000','87638675-11fa-49e5-9bd1-d2524bf6fa45','87638675-11fa-49e5-9bd1-d2524bf6fa45',1,'ROLE_ANONYMOUS',56),(28,'2021-08-17 18:51:57.121000','2021-08-17 18:51:57.121000','87638675-11fa-49e5-9bd1-d2524bf6fa45','87638675-11fa-49e5-9bd1-d2524bf6fa45',1,'ROLE_ANONYMOUS',57),(29,'2021-08-17 18:51:57.132000','2021-08-17 18:51:57.132000','87638675-11fa-49e5-9bd1-d2524bf6fa45','87638675-11fa-49e5-9bd1-d2524bf6fa45',1,'ROLE_ANONYMOUS',58),(30,'2021-08-17 18:51:57.144000','2021-08-17 18:51:57.144000','87638675-11fa-49e5-9bd1-d2524bf6fa45','87638675-11fa-49e5-9bd1-d2524bf6fa45',1,'ROLE_ANONYMOUS',59),(33,'2021-08-17 18:51:57.182000','2021-08-17 18:51:57.182000','87638675-11fa-49e5-9bd1-d2524bf6fa45','87638675-11fa-49e5-9bd1-d2524bf6fa45',1,'ROLE_ANONYMOUS',54),(36,'2021-08-17 18:51:57.220000','2021-08-17 18:51:57.220000','87638675-11fa-49e5-9bd1-d2524bf6fa45','87638675-11fa-49e5-9bd1-d2524bf6fa45',1,'ROLE_ANONYMOUS',55),(39,'2021-08-18 10:42:55.985000','2021-08-18 10:42:55.985000','87638675-11fa-49e5-9bd1-d2524bf6fa45','87638675-11fa-49e5-9bd1-d2524bf6fa45',1,'ROLE_ANONYMOUS',65),(40,'2021-08-18 10:42:56.000000','2021-08-18 10:42:56.000000','87638675-11fa-49e5-9bd1-d2524bf6fa45','87638675-11fa-49e5-9bd1-d2524bf6fa45',1,'ROLE_ANONYMOUS',68),(41,'2021-08-18 10:42:56.011000','2021-08-18 10:42:56.011000','87638675-11fa-49e5-9bd1-d2524bf6fa45','87638675-11fa-49e5-9bd1-d2524bf6fa45',1,'ROLE_ANONYMOUS',69),(42,'2021-08-18 10:42:56.021000','2021-08-18 10:42:56.021000','87638675-11fa-49e5-9bd1-d2524bf6fa45','87638675-11fa-49e5-9bd1-d2524bf6fa45',1,'ROLE_ANONYMOUS',70),(43,'2021-08-18 10:42:56.032000','2021-08-18 10:42:56.032000','87638675-11fa-49e5-9bd1-d2524bf6fa45','87638675-11fa-49e5-9bd1-d2524bf6fa45',1,'ROLE_ANONYMOUS',71),(44,'2021-08-18 10:42:56.042000','2021-08-18 10:42:56.042000','87638675-11fa-49e5-9bd1-d2524bf6fa45','87638675-11fa-49e5-9bd1-d2524bf6fa45',1,'ROLE_ANONYMOUS',66),(45,'2021-08-18 10:42:56.053000','2021-08-18 10:42:56.053000','87638675-11fa-49e5-9bd1-d2524bf6fa45','87638675-11fa-49e5-9bd1-d2524bf6fa45',1,'ROLE_ANONYMOUS',72),(46,'2021-08-18 10:42:56.065000','2021-08-18 10:42:56.065000','87638675-11fa-49e5-9bd1-d2524bf6fa45','87638675-11fa-49e5-9bd1-d2524bf6fa45',1,'ROLE_ANONYMOUS',73),(50,'2021-08-18 10:43:05.644000','2021-08-18 10:43:05.644000','87638675-11fa-49e5-9bd1-d2524bf6fa45','87638675-11fa-49e5-9bd1-d2524bf6fa45',1,'ROLE_USER',65),(51,'2021-08-18 10:43:05.664000','2021-08-18 10:43:05.664000','87638675-11fa-49e5-9bd1-d2524bf6fa45','87638675-11fa-49e5-9bd1-d2524bf6fa45',1,'ROLE_USER',68),(52,'2021-08-18 10:43:05.676000','2021-08-18 10:43:05.676000','87638675-11fa-49e5-9bd1-d2524bf6fa45','87638675-11fa-49e5-9bd1-d2524bf6fa45',1,'ROLE_USER',69),(53,'2021-08-18 10:43:05.688000','2021-08-18 10:43:05.688000','87638675-11fa-49e5-9bd1-d2524bf6fa45','87638675-11fa-49e5-9bd1-d2524bf6fa45',1,'ROLE_USER',70),(54,'2021-08-18 10:43:05.703000','2021-08-18 10:43:05.703000','87638675-11fa-49e5-9bd1-d2524bf6fa45','87638675-11fa-49e5-9bd1-d2524bf6fa45',1,'ROLE_USER',71),(55,'2021-08-18 10:43:05.727000','2021-08-18 10:43:05.727000','87638675-11fa-49e5-9bd1-d2524bf6fa45','87638675-11fa-49e5-9bd1-d2524bf6fa45',1,'ROLE_USER',66),(56,'2021-08-18 10:43:05.740000','2021-08-18 10:43:05.740000','87638675-11fa-49e5-9bd1-d2524bf6fa45','87638675-11fa-49e5-9bd1-d2524bf6fa45',1,'ROLE_USER',72),(57,'2021-08-18 10:43:05.754000','2021-08-18 10:43:05.754000','87638675-11fa-49e5-9bd1-d2524bf6fa45','87638675-11fa-49e5-9bd1-d2524bf6fa45',1,'ROLE_USER',73),(58,'2021-08-18 10:43:05.766000','2021-08-18 10:43:05.766000','87638675-11fa-49e5-9bd1-d2524bf6fa45','87638675-11fa-49e5-9bd1-d2524bf6fa45',1,'ROLE_USER',67),(59,'2021-08-18 10:43:05.783000','2021-08-18 10:43:05.783000','87638675-11fa-49e5-9bd1-d2524bf6fa45','87638675-11fa-49e5-9bd1-d2524bf6fa45',1,'ROLE_USER',74),(60,'2021-08-18 10:43:05.800000','2021-08-18 10:43:05.800000','87638675-11fa-49e5-9bd1-d2524bf6fa45','87638675-11fa-49e5-9bd1-d2524bf6fa45',1,'ROLE_USER',75),(61,'2021-08-18 10:43:10.125000','2021-08-18 10:43:10.125000','87638675-11fa-49e5-9bd1-d2524bf6fa45','87638675-11fa-49e5-9bd1-d2524bf6fa45',1,'ROLE_EMPLOYEE',65),(62,'2021-08-18 10:43:10.140000','2021-08-18 10:43:10.140000','87638675-11fa-49e5-9bd1-d2524bf6fa45','87638675-11fa-49e5-9bd1-d2524bf6fa45',1,'ROLE_EMPLOYEE',68),(63,'2021-08-18 10:43:10.155000','2021-08-18 10:43:10.155000','87638675-11fa-49e5-9bd1-d2524bf6fa45','87638675-11fa-49e5-9bd1-d2524bf6fa45',1,'ROLE_EMPLOYEE',69),(64,'2021-08-18 10:43:10.170000','2021-08-18 10:43:10.170000','87638675-11fa-49e5-9bd1-d2524bf6fa45','87638675-11fa-49e5-9bd1-d2524bf6fa45',1,'ROLE_EMPLOYEE',70),(65,'2021-08-18 10:43:10.190000','2021-08-18 10:43:10.190000','87638675-11fa-49e5-9bd1-d2524bf6fa45','87638675-11fa-49e5-9bd1-d2524bf6fa45',1,'ROLE_EMPLOYEE',71),(66,'2021-08-18 10:43:10.209000','2021-08-18 10:43:10.209000','87638675-11fa-49e5-9bd1-d2524bf6fa45','87638675-11fa-49e5-9bd1-d2524bf6fa45',1,'ROLE_EMPLOYEE',66),(67,'2021-08-18 10:43:10.222000','2021-08-18 10:43:10.222000','87638675-11fa-49e5-9bd1-d2524bf6fa45','87638675-11fa-49e5-9bd1-d2524bf6fa45',1,'ROLE_EMPLOYEE',72),(68,'2021-08-18 10:43:10.238000','2021-08-18 10:43:10.238000','87638675-11fa-49e5-9bd1-d2524bf6fa45','87638675-11fa-49e5-9bd1-d2524bf6fa45',1,'ROLE_EMPLOYEE',73),(69,'2021-08-18 10:43:10.252000','2021-08-18 10:43:10.252000','87638675-11fa-49e5-9bd1-d2524bf6fa45','87638675-11fa-49e5-9bd1-d2524bf6fa45',1,'ROLE_EMPLOYEE',67),(70,'2021-08-18 10:43:10.268000','2021-08-18 10:43:10.268000','87638675-11fa-49e5-9bd1-d2524bf6fa45','87638675-11fa-49e5-9bd1-d2524bf6fa45',1,'ROLE_EMPLOYEE',74),(71,'2021-08-18 10:43:10.285000','2021-08-18 10:43:10.285000','87638675-11fa-49e5-9bd1-d2524bf6fa45','87638675-11fa-49e5-9bd1-d2524bf6fa45',1,'ROLE_EMPLOYEE',75),(72,'2021-08-18 10:43:14.979000','2021-08-18 10:43:14.979000','87638675-11fa-49e5-9bd1-d2524bf6fa45','87638675-11fa-49e5-9bd1-d2524bf6fa45',1,'ROLE_ADMIN',65),(73,'2021-08-18 10:43:14.996000','2021-08-18 10:43:14.996000','87638675-11fa-49e5-9bd1-d2524bf6fa45','87638675-11fa-49e5-9bd1-d2524bf6fa45',1,'ROLE_ADMIN',68),(74,'2021-08-18 10:43:15.010000','2021-08-18 10:43:15.010000','87638675-11fa-49e5-9bd1-d2524bf6fa45','87638675-11fa-49e5-9bd1-d2524bf6fa45',1,'ROLE_ADMIN',69),(75,'2021-08-18 10:43:15.026000','2021-08-18 10:43:15.026000','87638675-11fa-49e5-9bd1-d2524bf6fa45','87638675-11fa-49e5-9bd1-d2524bf6fa45',1,'ROLE_ADMIN',70),(76,'2021-08-18 10:43:15.041000','2021-08-18 10:43:15.041000','87638675-11fa-49e5-9bd1-d2524bf6fa45','87638675-11fa-49e5-9bd1-d2524bf6fa45',1,'ROLE_ADMIN',71),(77,'2021-08-18 10:43:15.059000','2021-08-18 10:43:15.059000','87638675-11fa-49e5-9bd1-d2524bf6fa45','87638675-11fa-49e5-9bd1-d2524bf6fa45',1,'ROLE_ADMIN',66),(78,'2021-08-18 10:43:15.075000','2021-08-18 10:43:15.075000','87638675-11fa-49e5-9bd1-d2524bf6fa45','87638675-11fa-49e5-9bd1-d2524bf6fa45',1,'ROLE_ADMIN',72),(79,'2021-08-18 10:43:15.090000','2021-08-18 10:43:15.090000','87638675-11fa-49e5-9bd1-d2524bf6fa45','87638675-11fa-49e5-9bd1-d2524bf6fa45',1,'ROLE_ADMIN',73),(80,'2021-08-18 10:43:15.104000','2021-08-18 10:43:15.104000','87638675-11fa-49e5-9bd1-d2524bf6fa45','87638675-11fa-49e5-9bd1-d2524bf6fa45',1,'ROLE_ADMIN',67),(81,'2021-08-18 10:43:15.121000','2021-08-18 10:43:15.121000','87638675-11fa-49e5-9bd1-d2524bf6fa45','87638675-11fa-49e5-9bd1-d2524bf6fa45',1,'ROLE_ADMIN',74),(82,'2021-08-18 10:43:15.143000','2021-08-18 10:43:15.143000','87638675-11fa-49e5-9bd1-d2524bf6fa45','87638675-11fa-49e5-9bd1-d2524bf6fa45',1,'ROLE_ADMIN',75),(83,'2021-08-18 10:43:21.918000','2021-08-18 10:43:21.918000','87638675-11fa-49e5-9bd1-d2524bf6fa45','87638675-11fa-49e5-9bd1-d2524bf6fa45',1,'ROLE_ADMIN',52),(84,'2021-08-18 10:43:21.930000','2021-08-18 10:43:21.930000','87638675-11fa-49e5-9bd1-d2524bf6fa45','87638675-11fa-49e5-9bd1-d2524bf6fa45',1,'ROLE_ADMIN',56),(85,'2021-08-18 10:43:21.950000','2021-08-18 10:43:21.950000','87638675-11fa-49e5-9bd1-d2524bf6fa45','87638675-11fa-49e5-9bd1-d2524bf6fa45',1,'ROLE_ADMIN',57),(86,'2021-08-18 10:43:21.969000','2021-08-18 10:43:21.969000','87638675-11fa-49e5-9bd1-d2524bf6fa45','87638675-11fa-49e5-9bd1-d2524bf6fa45',1,'ROLE_ADMIN',58),(87,'2021-08-18 10:43:21.987000','2021-08-18 10:43:21.987000','87638675-11fa-49e5-9bd1-d2524bf6fa45','87638675-11fa-49e5-9bd1-d2524bf6fa45',1,'ROLE_ADMIN',59),(88,'2021-08-18 10:43:22.000000','2021-08-18 10:43:22.000000','87638675-11fa-49e5-9bd1-d2524bf6fa45','87638675-11fa-49e5-9bd1-d2524bf6fa45',1,'ROLE_ADMIN',53),(89,'2021-08-18 10:43:22.013000','2021-08-18 10:43:22.013000','87638675-11fa-49e5-9bd1-d2524bf6fa45','87638675-11fa-49e5-9bd1-d2524bf6fa45',1,'ROLE_ADMIN',60),(90,'2021-08-18 10:43:22.025000','2021-08-18 10:43:22.025000','87638675-11fa-49e5-9bd1-d2524bf6fa45','87638675-11fa-49e5-9bd1-d2524bf6fa45',1,'ROLE_ADMIN',54),(93,'2021-08-18 10:43:22.068000','2021-08-18 10:43:22.068000','87638675-11fa-49e5-9bd1-d2524bf6fa45','87638675-11fa-49e5-9bd1-d2524bf6fa45',1,'ROLE_ADMIN',55),(96,'2021-08-18 10:43:25.889000','2021-08-18 10:43:25.889000','87638675-11fa-49e5-9bd1-d2524bf6fa45','87638675-11fa-49e5-9bd1-d2524bf6fa45',1,'ROLE_EMPLOYEE',52),(97,'2021-08-18 10:43:25.908000','2021-08-18 10:43:25.908000','87638675-11fa-49e5-9bd1-d2524bf6fa45','87638675-11fa-49e5-9bd1-d2524bf6fa45',1,'ROLE_EMPLOYEE',56),(98,'2021-08-18 10:43:25.923000','2021-08-18 10:43:25.923000','87638675-11fa-49e5-9bd1-d2524bf6fa45','87638675-11fa-49e5-9bd1-d2524bf6fa45',1,'ROLE_EMPLOYEE',57),(99,'2021-08-18 10:43:25.948000','2021-08-18 10:43:25.948000','87638675-11fa-49e5-9bd1-d2524bf6fa45','87638675-11fa-49e5-9bd1-d2524bf6fa45',1,'ROLE_EMPLOYEE',58),(100,'2021-08-18 10:43:25.966000','2021-08-18 10:43:25.966000','87638675-11fa-49e5-9bd1-d2524bf6fa45','87638675-11fa-49e5-9bd1-d2524bf6fa45',1,'ROLE_EMPLOYEE',59),(101,'2021-08-18 10:43:25.978000','2021-08-18 10:43:25.978000','87638675-11fa-49e5-9bd1-d2524bf6fa45','87638675-11fa-49e5-9bd1-d2524bf6fa45',1,'ROLE_EMPLOYEE',53),(102,'2021-08-18 10:43:25.997000','2021-08-18 10:43:25.997000','87638675-11fa-49e5-9bd1-d2524bf6fa45','87638675-11fa-49e5-9bd1-d2524bf6fa45',1,'ROLE_EMPLOYEE',60),(103,'2021-08-18 10:43:26.015000','2021-08-18 10:43:26.015000','87638675-11fa-49e5-9bd1-d2524bf6fa45','87638675-11fa-49e5-9bd1-d2524bf6fa45',1,'ROLE_EMPLOYEE',54),(106,'2021-08-18 10:43:26.054000','2021-08-18 10:43:26.054000','87638675-11fa-49e5-9bd1-d2524bf6fa45','87638675-11fa-49e5-9bd1-d2524bf6fa45',1,'ROLE_EMPLOYEE',55),(109,'2021-08-18 10:43:29.580000','2021-08-18 10:43:29.580000','87638675-11fa-49e5-9bd1-d2524bf6fa45','87638675-11fa-49e5-9bd1-d2524bf6fa45',1,'ROLE_USER',52),(110,'2021-08-18 10:43:29.596000','2021-08-18 10:43:29.596000','87638675-11fa-49e5-9bd1-d2524bf6fa45','87638675-11fa-49e5-9bd1-d2524bf6fa45',1,'ROLE_USER',56),(111,'2021-08-18 10:43:29.612000','2021-08-18 10:43:29.612000','87638675-11fa-49e5-9bd1-d2524bf6fa45','87638675-11fa-49e5-9bd1-d2524bf6fa45',1,'ROLE_USER',57),(112,'2021-08-18 10:43:29.624000','2021-08-18 10:43:29.624000','87638675-11fa-49e5-9bd1-d2524bf6fa45','87638675-11fa-49e5-9bd1-d2524bf6fa45',1,'ROLE_USER',58),(113,'2021-08-18 10:43:29.642000','2021-08-18 10:43:29.642000','87638675-11fa-49e5-9bd1-d2524bf6fa45','87638675-11fa-49e5-9bd1-d2524bf6fa45',1,'ROLE_USER',59),(114,'2021-08-18 10:43:29.665000','2021-08-18 10:43:29.665000','87638675-11fa-49e5-9bd1-d2524bf6fa45','87638675-11fa-49e5-9bd1-d2524bf6fa45',1,'ROLE_USER',53),(115,'2021-08-18 10:43:29.681000','2021-08-18 10:43:29.681000','87638675-11fa-49e5-9bd1-d2524bf6fa45','87638675-11fa-49e5-9bd1-d2524bf6fa45',1,'ROLE_USER',60),(116,'2021-08-18 10:43:29.694000','2021-08-18 10:43:29.694000','87638675-11fa-49e5-9bd1-d2524bf6fa45','87638675-11fa-49e5-9bd1-d2524bf6fa45',1,'ROLE_USER',54),(119,'2021-08-18 10:43:29.735000','2021-08-18 10:43:29.735000','87638675-11fa-49e5-9bd1-d2524bf6fa45','87638675-11fa-49e5-9bd1-d2524bf6fa45',1,'ROLE_USER',55),(122,'2021-09-03 16:47:05.515000','2021-09-03 16:47:05.515000','65a00f65-8460-49af-98ec-042977e56f4b','65a00f65-8460-49af-98ec-042977e56f4b',1,'ROLE_ANONYMOUS',67),(123,'2021-09-03 16:47:05.553000','2021-09-03 16:47:05.553000','65a00f65-8460-49af-98ec-042977e56f4b','65a00f65-8460-49af-98ec-042977e56f4b',1,'ROLE_ANONYMOUS',74),(124,'2021-09-03 16:47:05.586000','2021-09-03 16:47:05.586000','65a00f65-8460-49af-98ec-042977e56f4b','65a00f65-8460-49af-98ec-042977e56f4b',1,'ROLE_ANONYMOUS',75),(125,'2021-09-07 11:01:59.575000','2021-09-07 11:01:59.575000','87638675-11fa-49e5-9bd1-d2524bf6fa45','87638675-11fa-49e5-9bd1-d2524bf6fa45',1,'ROLE_ADMIN',76),(126,'2021-09-07 11:01:59.587000','2021-09-07 11:01:59.587000','87638675-11fa-49e5-9bd1-d2524bf6fa45','87638675-11fa-49e5-9bd1-d2524bf6fa45',1,'ROLE_ADMIN',77),(127,'2021-09-16 10:00:01.322000','2021-09-16 10:00:01.322000','65a00f65-8460-49af-98ec-042977e56f4b','65a00f65-8460-49af-98ec-042977e56f4b',1,'ROLE_USER',78),(129,'2021-09-16 10:00:01.350000','2021-09-16 10:00:01.350000','65a00f65-8460-49af-98ec-042977e56f4b','65a00f65-8460-49af-98ec-042977e56f4b',1,'ROLE_USER',80),(130,'2021-09-16 10:00:01.361000','2021-09-16 10:00:01.361000','65a00f65-8460-49af-98ec-042977e56f4b','65a00f65-8460-49af-98ec-042977e56f4b',1,'ROLE_USER',81),(131,'2021-09-16 10:00:01.371000','2021-09-16 10:00:01.371000','65a00f65-8460-49af-98ec-042977e56f4b','65a00f65-8460-49af-98ec-042977e56f4b',1,'ROLE_USER',82),(132,'2021-09-16 15:01:03.179000','2021-09-16 15:01:03.179000','87638675-11fa-49e5-9bd1-d2524bf6fa45','87638675-11fa-49e5-9bd1-d2524bf6fa45',1,'ROLE_ADMIN',83),(133,'2021-09-16 15:01:03.215000','2021-09-16 15:01:03.215000','87638675-11fa-49e5-9bd1-d2524bf6fa45','87638675-11fa-49e5-9bd1-d2524bf6fa45',1,'ROLE_ADMIN',84),(134,'2021-09-16 15:01:03.229000','2021-09-16 15:01:03.229000','87638675-11fa-49e5-9bd1-d2524bf6fa45','87638675-11fa-49e5-9bd1-d2524bf6fa45',1,'ROLE_ADMIN',85),(135,'2021-09-16 15:01:03.241000','2021-09-16 15:01:03.241000','87638675-11fa-49e5-9bd1-d2524bf6fa45','87638675-11fa-49e5-9bd1-d2524bf6fa45',1,'ROLE_ADMIN',86),(136,'2021-09-23 11:41:49.164000','2021-09-23 11:41:49.164000','65a00f65-8460-49af-98ec-042977e56f4b','65a00f65-8460-49af-98ec-042977e56f4b',1,'ROLE_ADMIN',87),(137,'2021-09-24 11:01:33.333000','2021-09-24 11:01:33.333000','87638675-11fa-49e5-9bd1-d2524bf6fa45','87638675-11fa-49e5-9bd1-d2524bf6fa45',1,'ROLE_ADMIN',88),(138,'2021-09-24 15:58:34.000000','2021-09-24 15:58:34.000000','87638675-11fa-49e5-9bd1-d2524bf6fa45','87638675-11fa-49e5-9bd1-d2524bf6fa45',1,'ROLE_SOCIAL',65),(139,'2021-09-24 15:58:34.000000','2021-09-24 15:58:34.000000','87638675-11fa-49e5-9bd1-d2524bf6fa45','87638675-11fa-49e5-9bd1-d2524bf6fa45',1,'ROLE_SOCIAL',68),(140,'2021-09-24 15:58:34.000000','2021-09-24 15:58:34.000000','87638675-11fa-49e5-9bd1-d2524bf6fa45','87638675-11fa-49e5-9bd1-d2524bf6fa45',1,'ROLE_SOCIAL',69),(141,'2021-09-24 15:58:34.000000','2021-09-24 15:58:34.000000','87638675-11fa-49e5-9bd1-d2524bf6fa45','87638675-11fa-49e5-9bd1-d2524bf6fa45',1,'ROLE_SOCIAL',70),(142,'2021-09-24 15:58:34.000000','2021-09-24 15:58:34.000000','87638675-11fa-49e5-9bd1-d2524bf6fa45','87638675-11fa-49e5-9bd1-d2524bf6fa45',1,'ROLE_SOCIAL',71),(143,'2021-09-24 15:58:34.000000','2021-09-24 15:58:34.000000','87638675-11fa-49e5-9bd1-d2524bf6fa45','87638675-11fa-49e5-9bd1-d2524bf6fa45',1,'ROLE_SOCIAL',66),(144,'2021-09-24 15:58:34.000000','2021-09-24 15:58:34.000000','87638675-11fa-49e5-9bd1-d2524bf6fa45','87638675-11fa-49e5-9bd1-d2524bf6fa45',1,'ROLE_SOCIAL',72),(145,'2021-09-24 15:58:34.000000','2021-09-24 15:58:34.000000','87638675-11fa-49e5-9bd1-d2524bf6fa45','87638675-11fa-49e5-9bd1-d2524bf6fa45',1,'ROLE_SOCIAL',73),(146,'2021-09-24 15:58:34.000000','2021-09-24 15:58:34.000000','87638675-11fa-49e5-9bd1-d2524bf6fa45','87638675-11fa-49e5-9bd1-d2524bf6fa45',1,'ROLE_SOCIAL',67),(147,'2021-09-24 15:58:34.000000','2021-09-24 15:58:34.000000','87638675-11fa-49e5-9bd1-d2524bf6fa45','87638675-11fa-49e5-9bd1-d2524bf6fa45',1,'ROLE_SOCIAL',74),(148,'2021-09-24 15:58:34.000000','2021-09-24 15:58:34.000000','87638675-11fa-49e5-9bd1-d2524bf6fa45','87638675-11fa-49e5-9bd1-d2524bf6fa45',1,'ROLE_SOCIAL',75),(149,'2021-09-24 15:58:34.000000','2021-09-24 15:58:34.000000','87638675-11fa-49e5-9bd1-d2524bf6fa45','87638675-11fa-49e5-9bd1-d2524bf6fa45',1,'ROLE_SOCIAL',52),(150,'2021-09-24 15:58:34.000000','2021-09-24 15:58:34.000000','87638675-11fa-49e5-9bd1-d2524bf6fa45','87638675-11fa-49e5-9bd1-d2524bf6fa45',1,'ROLE_SOCIAL',56),(151,'2021-09-24 15:58:34.000000','2021-09-24 15:58:34.000000','87638675-11fa-49e5-9bd1-d2524bf6fa45','87638675-11fa-49e5-9bd1-d2524bf6fa45',1,'ROLE_SOCIAL',57),(152,'2021-09-24 15:58:34.000000','2021-09-24 15:58:34.000000','87638675-11fa-49e5-9bd1-d2524bf6fa45','87638675-11fa-49e5-9bd1-d2524bf6fa45',1,'ROLE_SOCIAL',58),(153,'2021-09-24 15:58:34.000000','2021-09-24 15:58:34.000000','87638675-11fa-49e5-9bd1-d2524bf6fa45','87638675-11fa-49e5-9bd1-d2524bf6fa45',1,'ROLE_SOCIAL',59),(154,'2021-09-24 15:58:34.000000','2021-09-24 15:58:34.000000','87638675-11fa-49e5-9bd1-d2524bf6fa45','87638675-11fa-49e5-9bd1-d2524bf6fa45',1,'ROLE_SOCIAL',53),(155,'2021-09-24 15:58:34.000000','2021-09-24 15:58:34.000000','87638675-11fa-49e5-9bd1-d2524bf6fa45','87638675-11fa-49e5-9bd1-d2524bf6fa45',1,'ROLE_SOCIAL',60),(156,'2021-09-24 15:58:34.000000','2021-09-24 15:58:34.000000','87638675-11fa-49e5-9bd1-d2524bf6fa45','87638675-11fa-49e5-9bd1-d2524bf6fa45',1,'ROLE_SOCIAL',54),(159,'2021-09-24 15:58:34.000000','2021-09-24 15:58:34.000000','87638675-11fa-49e5-9bd1-d2524bf6fa45','87638675-11fa-49e5-9bd1-d2524bf6fa45',1,'ROLE_SOCIAL',55),(162,'2021-09-24 15:58:34.000000','2021-09-24 15:58:34.000000','65a00f65-8460-49af-98ec-042977e56f4b','65a00f65-8460-49af-98ec-042977e56f4b',1,'ROLE_SOCIAL',78),(165,'2021-09-24 15:58:34.000000','2021-09-24 15:58:34.000000','65a00f65-8460-49af-98ec-042977e56f4b','65a00f65-8460-49af-98ec-042977e56f4b',1,'ROLE_SOCIAL',81),(166,'2021-09-24 15:58:34.000000','2021-09-24 15:58:34.000000','65a00f65-8460-49af-98ec-042977e56f4b','65a00f65-8460-49af-98ec-042977e56f4b',1,'ROLE_SOCIAL',82),(170,'2021-09-27 13:49:30.373000','2021-09-27 13:49:30.373000','87638675-11fa-49e5-9bd1-d2524bf6fa45','87638675-11fa-49e5-9bd1-d2524bf6fa45',1,'ROLE_ADMIN',90),(171,'2021-09-27 13:49:30.389000','2021-09-27 13:49:30.389000','87638675-11fa-49e5-9bd1-d2524bf6fa45','87638675-11fa-49e5-9bd1-d2524bf6fa45',1,'ROLE_ADMIN',91),(172,'2021-09-27 13:49:35.558000','2021-09-27 13:49:35.558000','87638675-11fa-49e5-9bd1-d2524bf6fa45','87638675-11fa-49e5-9bd1-d2524bf6fa45',1,'ROLE_EMPLOYEE',89),(173,'2021-09-27 13:49:35.573000','2021-09-27 13:49:35.573000','87638675-11fa-49e5-9bd1-d2524bf6fa45','87638675-11fa-49e5-9bd1-d2524bf6fa45',1,'ROLE_EMPLOYEE',90),(174,'2021-09-27 13:49:35.588000','2021-09-27 13:49:35.588000','87638675-11fa-49e5-9bd1-d2524bf6fa45','87638675-11fa-49e5-9bd1-d2524bf6fa45',1,'ROLE_EMPLOYEE',91),(175,'2021-09-27 13:49:39.937000','2021-09-27 13:49:39.937000','87638675-11fa-49e5-9bd1-d2524bf6fa45','87638675-11fa-49e5-9bd1-d2524bf6fa45',1,'ROLE_USER',89),(176,'2021-09-27 13:49:39.952000','2021-09-27 13:49:39.952000','87638675-11fa-49e5-9bd1-d2524bf6fa45','87638675-11fa-49e5-9bd1-d2524bf6fa45',1,'ROLE_USER',90),(177,'2021-09-27 13:49:39.970000','2021-09-27 13:49:39.970000','87638675-11fa-49e5-9bd1-d2524bf6fa45','87638675-11fa-49e5-9bd1-d2524bf6fa45',1,'ROLE_USER',91),(178,'2021-09-27 13:49:44.578000','2021-09-27 13:49:44.578000','87638675-11fa-49e5-9bd1-d2524bf6fa45','87638675-11fa-49e5-9bd1-d2524bf6fa45',1,'ROLE_SOCIAL',89),(179,'2021-09-27 13:49:44.591000','2021-09-27 13:49:44.591000','87638675-11fa-49e5-9bd1-d2524bf6fa45','87638675-11fa-49e5-9bd1-d2524bf6fa45',1,'ROLE_SOCIAL',90),(180,'2021-09-27 13:49:44.605000','2021-09-27 13:49:44.605000','87638675-11fa-49e5-9bd1-d2524bf6fa45','87638675-11fa-49e5-9bd1-d2524bf6fa45',1,'ROLE_SOCIAL',91),(188,'2021-10-06 17:40:33.768000','2021-10-06 17:40:33.768000','87638675-11fa-49e5-9bd1-d2524bf6fa45','87638675-11fa-49e5-9bd1-d2524bf6fa45',1,'ROLE_ADMIN',96),(189,'2021-10-06 17:40:33.782000','2021-10-06 17:40:33.782000','87638675-11fa-49e5-9bd1-d2524bf6fa45','87638675-11fa-49e5-9bd1-d2524bf6fa45',1,'ROLE_ADMIN',99),(190,'2021-10-06 17:40:33.794000','2021-10-06 17:40:33.794000','87638675-11fa-49e5-9bd1-d2524bf6fa45','87638675-11fa-49e5-9bd1-d2524bf6fa45',1,'ROLE_ADMIN',100),(191,'2021-10-06 17:40:33.807000','2021-10-06 17:40:33.807000','87638675-11fa-49e5-9bd1-d2524bf6fa45','87638675-11fa-49e5-9bd1-d2524bf6fa45',1,'ROLE_ADMIN',101),(192,'2021-10-06 17:40:33.820000','2021-10-06 17:40:33.820000','87638675-11fa-49e5-9bd1-d2524bf6fa45','87638675-11fa-49e5-9bd1-d2524bf6fa45',1,'ROLE_ADMIN',102),(193,'2021-10-06 17:40:33.831000','2021-10-06 17:40:33.831000','87638675-11fa-49e5-9bd1-d2524bf6fa45','87638675-11fa-49e5-9bd1-d2524bf6fa45',1,'ROLE_ADMIN',97),(194,'2021-10-06 17:40:33.842000','2021-10-06 17:40:33.842000','87638675-11fa-49e5-9bd1-d2524bf6fa45','87638675-11fa-49e5-9bd1-d2524bf6fa45',1,'ROLE_ADMIN',103),(195,'2021-10-06 17:40:33.854000','2021-10-06 17:40:33.854000','87638675-11fa-49e5-9bd1-d2524bf6fa45','87638675-11fa-49e5-9bd1-d2524bf6fa45',1,'ROLE_ADMIN',104),(196,'2021-10-06 17:40:33.868000','2021-10-06 17:40:33.868000','87638675-11fa-49e5-9bd1-d2524bf6fa45','87638675-11fa-49e5-9bd1-d2524bf6fa45',1,'ROLE_ADMIN',105),(197,'2021-10-06 17:40:33.887000','2021-10-06 17:40:33.887000','87638675-11fa-49e5-9bd1-d2524bf6fa45','87638675-11fa-49e5-9bd1-d2524bf6fa45',1,'ROLE_ADMIN',106),(198,'2021-10-06 17:40:33.902000','2021-10-06 17:40:33.902000','87638675-11fa-49e5-9bd1-d2524bf6fa45','87638675-11fa-49e5-9bd1-d2524bf6fa45',1,'ROLE_ADMIN',107),(199,'2021-10-06 17:40:33.917000','2021-10-06 17:40:33.917000','87638675-11fa-49e5-9bd1-d2524bf6fa45','87638675-11fa-49e5-9bd1-d2524bf6fa45',1,'ROLE_ADMIN',108),(200,'2021-10-06 17:40:33.937000','2021-10-06 17:40:33.937000','87638675-11fa-49e5-9bd1-d2524bf6fa45','87638675-11fa-49e5-9bd1-d2524bf6fa45',1,'ROLE_ADMIN',109),(201,'2021-10-06 17:40:33.952000','2021-10-06 17:40:33.952000','87638675-11fa-49e5-9bd1-d2524bf6fa45','87638675-11fa-49e5-9bd1-d2524bf6fa45',1,'ROLE_ADMIN',110),(202,'2021-10-06 17:40:33.965000','2021-10-06 17:40:33.965000','87638675-11fa-49e5-9bd1-d2524bf6fa45','87638675-11fa-49e5-9bd1-d2524bf6fa45',1,'ROLE_ADMIN',111),(203,'2021-10-06 17:40:33.977000','2021-10-06 17:40:33.977000','87638675-11fa-49e5-9bd1-d2524bf6fa45','87638675-11fa-49e5-9bd1-d2524bf6fa45',1,'ROLE_ADMIN',112),(204,'2021-10-06 17:40:33.987000','2021-10-06 17:40:33.987000','87638675-11fa-49e5-9bd1-d2524bf6fa45','87638675-11fa-49e5-9bd1-d2524bf6fa45',1,'ROLE_ADMIN',98),(205,'2021-10-06 17:40:33.997000','2021-10-06 17:40:33.997000','87638675-11fa-49e5-9bd1-d2524bf6fa45','87638675-11fa-49e5-9bd1-d2524bf6fa45',1,'ROLE_ADMIN',113),(206,'2021-10-06 17:40:39.659000','2021-10-06 17:40:39.659000','87638675-11fa-49e5-9bd1-d2524bf6fa45','87638675-11fa-49e5-9bd1-d2524bf6fa45',1,'ROLE_EMPLOYEE',96),(207,'2021-10-06 17:40:39.673000','2021-10-06 17:40:39.673000','87638675-11fa-49e5-9bd1-d2524bf6fa45','87638675-11fa-49e5-9bd1-d2524bf6fa45',1,'ROLE_EMPLOYEE',99),(208,'2021-10-06 17:40:39.685000','2021-10-06 17:40:39.685000','87638675-11fa-49e5-9bd1-d2524bf6fa45','87638675-11fa-49e5-9bd1-d2524bf6fa45',1,'ROLE_EMPLOYEE',100),(209,'2021-10-06 17:40:39.696000','2021-10-06 17:40:39.696000','87638675-11fa-49e5-9bd1-d2524bf6fa45','87638675-11fa-49e5-9bd1-d2524bf6fa45',1,'ROLE_EMPLOYEE',101),(210,'2021-10-06 17:40:39.707000','2021-10-06 17:40:39.707000','87638675-11fa-49e5-9bd1-d2524bf6fa45','87638675-11fa-49e5-9bd1-d2524bf6fa45',1,'ROLE_EMPLOYEE',102),(211,'2021-10-06 17:40:50.361000','2021-10-06 17:40:50.361000','87638675-11fa-49e5-9bd1-d2524bf6fa45','87638675-11fa-49e5-9bd1-d2524bf6fa45',1,'ROLE_EMPLOYEE',35),(212,'2021-10-06 17:40:50.384000','2021-10-06 17:40:50.384000','87638675-11fa-49e5-9bd1-d2524bf6fa45','87638675-11fa-49e5-9bd1-d2524bf6fa45',1,'ROLE_EMPLOYEE',36),(213,'2021-10-06 17:40:50.407000','2021-10-06 17:40:50.407000','87638675-11fa-49e5-9bd1-d2524bf6fa45','87638675-11fa-49e5-9bd1-d2524bf6fa45',1,'ROLE_EMPLOYEE',37),(214,'2021-10-08 09:31:07.516000','2021-10-08 09:31:07.516000','87638675-11fa-49e5-9bd1-d2524bf6fa45','87638675-11fa-49e5-9bd1-d2524bf6fa45',1,'ROLE_ADMIN',114),(215,'2021-10-08 09:31:23.258000','2021-10-08 09:31:23.258000','87638675-11fa-49e5-9bd1-d2524bf6fa45','87638675-11fa-49e5-9bd1-d2524bf6fa45',1,'ROLE_EMPLOYEE',114),(216,'2021-10-12 10:15:30.744000','2021-10-12 10:15:30.744000','87638675-11fa-49e5-9bd1-d2524bf6fa45','87638675-11fa-49e5-9bd1-d2524bf6fa45',1,'ROLE_ADMIN',115),(218,'2021-10-12 10:15:34.704000','2021-10-12 10:15:34.704000','87638675-11fa-49e5-9bd1-d2524bf6fa45','87638675-11fa-49e5-9bd1-d2524bf6fa45',1,'ROLE_EMPLOYEE',115),(220,'2021-10-12 10:15:38.601000','2021-10-12 10:15:38.601000','87638675-11fa-49e5-9bd1-d2524bf6fa45','87638675-11fa-49e5-9bd1-d2524bf6fa45',1,'ROLE_USER',115),(222,'2021-10-12 10:15:42.540000','2021-10-12 10:15:42.540000','87638675-11fa-49e5-9bd1-d2524bf6fa45','87638675-11fa-49e5-9bd1-d2524bf6fa45',1,'ROLE_ANONYMOUS',115),(224,'2021-10-13 16:30:35.963000','2021-10-13 16:30:35.963000','87638675-11fa-49e5-9bd1-d2524bf6fa45','87638675-11fa-49e5-9bd1-d2524bf6fa45',1,'ROLE_ADMIN',117),(225,'2021-10-13 16:30:35.987000','2021-10-13 16:30:35.987000','87638675-11fa-49e5-9bd1-d2524bf6fa45','87638675-11fa-49e5-9bd1-d2524bf6fa45',1,'ROLE_ADMIN',118),(226,'2021-10-13 16:30:36.010000','2021-10-13 16:30:36.010000','87638675-11fa-49e5-9bd1-d2524bf6fa45','87638675-11fa-49e5-9bd1-d2524bf6fa45',1,'ROLE_ADMIN',119),(227,'2021-10-13 16:30:36.019000','2021-10-13 16:30:36.019000','87638675-11fa-49e5-9bd1-d2524bf6fa45','87638675-11fa-49e5-9bd1-d2524bf6fa45',1,'ROLE_ADMIN',120),(228,'2021-10-13 16:30:43.474000','2021-10-13 16:30:43.474000','87638675-11fa-49e5-9bd1-d2524bf6fa45','87638675-11fa-49e5-9bd1-d2524bf6fa45',1,'ROLE_EMPLOYEE',117),(229,'2021-10-13 16:30:43.486000','2021-10-13 16:30:43.486000','87638675-11fa-49e5-9bd1-d2524bf6fa45','87638675-11fa-49e5-9bd1-d2524bf6fa45',1,'ROLE_EMPLOYEE',118),(230,'2021-10-13 16:30:43.508000','2021-10-13 16:30:43.508000','87638675-11fa-49e5-9bd1-d2524bf6fa45','87638675-11fa-49e5-9bd1-d2524bf6fa45',1,'ROLE_EMPLOYEE',119),(231,'2021-10-13 16:30:43.525000','2021-10-13 16:30:43.525000','87638675-11fa-49e5-9bd1-d2524bf6fa45','87638675-11fa-49e5-9bd1-d2524bf6fa45',1,'ROLE_EMPLOYEE',120),(232,'2021-10-13 16:30:50.893000','2021-10-13 16:30:50.893000','87638675-11fa-49e5-9bd1-d2524bf6fa45','87638675-11fa-49e5-9bd1-d2524bf6fa45',1,'ROLE_USER',117),(233,'2021-10-13 16:30:50.905000','2021-10-13 16:30:50.905000','87638675-11fa-49e5-9bd1-d2524bf6fa45','87638675-11fa-49e5-9bd1-d2524bf6fa45',1,'ROLE_USER',118),(234,'2021-10-13 16:30:50.931000','2021-10-13 16:30:50.931000','87638675-11fa-49e5-9bd1-d2524bf6fa45','87638675-11fa-49e5-9bd1-d2524bf6fa45',1,'ROLE_USER',119),(235,'2021-10-13 16:30:50.944000','2021-10-13 16:30:50.944000','87638675-11fa-49e5-9bd1-d2524bf6fa45','87638675-11fa-49e5-9bd1-d2524bf6fa45',1,'ROLE_USER',120),(236,'2021-10-13 16:30:58.011000','2021-10-13 16:30:58.011000','87638675-11fa-49e5-9bd1-d2524bf6fa45','87638675-11fa-49e5-9bd1-d2524bf6fa45',1,'ROLE_ANONYMOUS',117),(237,'2021-10-13 16:30:58.024000','2021-10-13 16:30:58.024000','87638675-11fa-49e5-9bd1-d2524bf6fa45','87638675-11fa-49e5-9bd1-d2524bf6fa45',1,'ROLE_ANONYMOUS',118),(238,'2021-10-13 16:30:58.050000','2021-10-13 16:30:58.050000','87638675-11fa-49e5-9bd1-d2524bf6fa45','87638675-11fa-49e5-9bd1-d2524bf6fa45',1,'ROLE_ANONYMOUS',119),(239,'2021-10-13 16:30:58.068000','2021-10-13 16:30:58.068000','87638675-11fa-49e5-9bd1-d2524bf6fa45','87638675-11fa-49e5-9bd1-d2524bf6fa45',1,'ROLE_ANONYMOUS',120),(240,'2021-10-13 17:05:35.864000','2021-10-13 17:05:35.864000','87638675-11fa-49e5-9bd1-d2524bf6fa45','87638675-11fa-49e5-9bd1-d2524bf6fa45',1,'ROLE_ADMIN',121),(241,'2021-10-13 17:05:35.884000','2021-10-13 17:05:35.884000','87638675-11fa-49e5-9bd1-d2524bf6fa45','87638675-11fa-49e5-9bd1-d2524bf6fa45',1,'ROLE_ADMIN',122),(242,'2021-10-13 17:05:35.899000','2021-10-13 17:05:35.899000','87638675-11fa-49e5-9bd1-d2524bf6fa45','87638675-11fa-49e5-9bd1-d2524bf6fa45',1,'ROLE_ADMIN',123),(243,'2021-10-13 17:05:35.910000','2021-10-13 17:05:35.910000','87638675-11fa-49e5-9bd1-d2524bf6fa45','87638675-11fa-49e5-9bd1-d2524bf6fa45',1,'ROLE_ADMIN',124),(244,'2021-10-13 17:05:35.920000','2021-10-13 17:05:35.920000','87638675-11fa-49e5-9bd1-d2524bf6fa45','87638675-11fa-49e5-9bd1-d2524bf6fa45',1,'ROLE_ADMIN',125),(245,'2021-10-13 17:05:35.930000','2021-10-13 17:05:35.930000','87638675-11fa-49e5-9bd1-d2524bf6fa45','87638675-11fa-49e5-9bd1-d2524bf6fa45',1,'ROLE_ADMIN',126),(247,'2021-10-13 17:05:40.853000','2021-10-13 17:05:40.853000','87638675-11fa-49e5-9bd1-d2524bf6fa45','87638675-11fa-49e5-9bd1-d2524bf6fa45',1,'ROLE_EMPLOYEE',121),(248,'2021-10-13 17:05:40.864000','2021-10-13 17:05:40.864000','87638675-11fa-49e5-9bd1-d2524bf6fa45','87638675-11fa-49e5-9bd1-d2524bf6fa45',1,'ROLE_EMPLOYEE',122),(249,'2021-10-13 17:05:40.875000','2021-10-13 17:05:40.875000','87638675-11fa-49e5-9bd1-d2524bf6fa45','87638675-11fa-49e5-9bd1-d2524bf6fa45',1,'ROLE_EMPLOYEE',123),(250,'2021-10-13 17:05:40.886000','2021-10-13 17:05:40.886000','87638675-11fa-49e5-9bd1-d2524bf6fa45','87638675-11fa-49e5-9bd1-d2524bf6fa45',1,'ROLE_EMPLOYEE',124),(251,'2021-10-13 17:05:40.897000','2021-10-13 17:05:40.897000','87638675-11fa-49e5-9bd1-d2524bf6fa45','87638675-11fa-49e5-9bd1-d2524bf6fa45',1,'ROLE_EMPLOYEE',125),(252,'2021-10-13 17:05:40.907000','2021-10-13 17:05:40.907000','87638675-11fa-49e5-9bd1-d2524bf6fa45','87638675-11fa-49e5-9bd1-d2524bf6fa45',1,'ROLE_EMPLOYEE',126),(254,'2021-10-13 17:05:46.848000','2021-10-13 17:05:46.848000','87638675-11fa-49e5-9bd1-d2524bf6fa45','87638675-11fa-49e5-9bd1-d2524bf6fa45',1,'ROLE_USER',121),(255,'2021-10-13 17:05:46.866000','2021-10-13 17:05:46.866000','87638675-11fa-49e5-9bd1-d2524bf6fa45','87638675-11fa-49e5-9bd1-d2524bf6fa45',1,'ROLE_USER',122),(256,'2021-10-13 17:05:46.885000','2021-10-13 17:05:46.885000','87638675-11fa-49e5-9bd1-d2524bf6fa45','87638675-11fa-49e5-9bd1-d2524bf6fa45',1,'ROLE_USER',123),(257,'2021-10-13 17:05:46.896000','2021-10-13 17:05:46.896000','87638675-11fa-49e5-9bd1-d2524bf6fa45','87638675-11fa-49e5-9bd1-d2524bf6fa45',1,'ROLE_USER',124),(258,'2021-10-13 17:05:46.907000','2021-10-13 17:05:46.907000','87638675-11fa-49e5-9bd1-d2524bf6fa45','87638675-11fa-49e5-9bd1-d2524bf6fa45',1,'ROLE_USER',125),(259,'2021-10-13 17:05:46.918000','2021-10-13 17:05:46.918000','87638675-11fa-49e5-9bd1-d2524bf6fa45','87638675-11fa-49e5-9bd1-d2524bf6fa45',1,'ROLE_USER',126),(261,'2021-10-13 17:05:53.679000','2021-10-13 17:05:53.679000','87638675-11fa-49e5-9bd1-d2524bf6fa45','87638675-11fa-49e5-9bd1-d2524bf6fa45',1,'ROLE_ANONYMOUS',126),(263,'2021-10-13 17:09:33.439000','2021-10-13 17:09:33.439000','87638675-11fa-49e5-9bd1-d2524bf6fa45','87638675-11fa-49e5-9bd1-d2524bf6fa45',1,'ROLE_ADMIN',128),(264,'2021-10-13 17:09:33.463000','2021-10-13 17:09:33.463000','87638675-11fa-49e5-9bd1-d2524bf6fa45','87638675-11fa-49e5-9bd1-d2524bf6fa45',1,'ROLE_ADMIN',129),(265,'2021-10-13 17:09:33.474000','2021-10-13 17:09:33.474000','87638675-11fa-49e5-9bd1-d2524bf6fa45','87638675-11fa-49e5-9bd1-d2524bf6fa45',1,'ROLE_ADMIN',130),(266,'2021-10-13 17:09:33.484000','2021-10-13 17:09:33.484000','87638675-11fa-49e5-9bd1-d2524bf6fa45','87638675-11fa-49e5-9bd1-d2524bf6fa45',1,'ROLE_ADMIN',131),(267,'2021-10-13 17:09:39.751000','2021-10-13 17:09:39.751000','87638675-11fa-49e5-9bd1-d2524bf6fa45','87638675-11fa-49e5-9bd1-d2524bf6fa45',1,'ROLE_EMPLOYEE',128),(268,'2021-10-13 17:09:39.761000','2021-10-13 17:09:39.761000','87638675-11fa-49e5-9bd1-d2524bf6fa45','87638675-11fa-49e5-9bd1-d2524bf6fa45',1,'ROLE_EMPLOYEE',129),(269,'2021-10-13 17:09:39.773000','2021-10-13 17:09:39.773000','87638675-11fa-49e5-9bd1-d2524bf6fa45','87638675-11fa-49e5-9bd1-d2524bf6fa45',1,'ROLE_EMPLOYEE',130),(270,'2021-10-13 17:09:39.784000','2021-10-13 17:09:39.784000','87638675-11fa-49e5-9bd1-d2524bf6fa45','87638675-11fa-49e5-9bd1-d2524bf6fa45',1,'ROLE_EMPLOYEE',131),(271,'2021-10-13 17:09:44.852000','2021-10-13 17:09:44.852000','87638675-11fa-49e5-9bd1-d2524bf6fa45','87638675-11fa-49e5-9bd1-d2524bf6fa45',1,'ROLE_USER',128),(272,'2021-10-13 17:09:44.867000','2021-10-13 17:09:44.867000','87638675-11fa-49e5-9bd1-d2524bf6fa45','87638675-11fa-49e5-9bd1-d2524bf6fa45',1,'ROLE_USER',129),(273,'2021-10-13 17:09:44.881000','2021-10-13 17:09:44.881000','87638675-11fa-49e5-9bd1-d2524bf6fa45','87638675-11fa-49e5-9bd1-d2524bf6fa45',1,'ROLE_USER',130),(274,'2021-10-13 17:09:44.895000','2021-10-13 17:09:44.895000','87638675-11fa-49e5-9bd1-d2524bf6fa45','87638675-11fa-49e5-9bd1-d2524bf6fa45',1,'ROLE_USER',131),(275,'2021-10-13 17:09:50.353000','2021-10-13 17:09:50.353000','87638675-11fa-49e5-9bd1-d2524bf6fa45','87638675-11fa-49e5-9bd1-d2524bf6fa45',1,'ROLE_ANONYMOUS',128),(276,'2021-10-13 17:09:50.369000','2021-10-13 17:09:50.369000','87638675-11fa-49e5-9bd1-d2524bf6fa45','87638675-11fa-49e5-9bd1-d2524bf6fa45',1,'ROLE_ANONYMOUS',129),(277,'2021-10-13 17:09:50.382000','2021-10-13 17:09:50.382000','87638675-11fa-49e5-9bd1-d2524bf6fa45','87638675-11fa-49e5-9bd1-d2524bf6fa45',1,'ROLE_ANONYMOUS',130),(278,'2021-10-13 17:09:50.395000','2021-10-13 17:09:50.395000','87638675-11fa-49e5-9bd1-d2524bf6fa45','87638675-11fa-49e5-9bd1-d2524bf6fa45',1,'ROLE_ANONYMOUS',131),(279,'2021-10-13 17:14:22.650000','2021-10-13 17:14:22.650000','87638675-11fa-49e5-9bd1-d2524bf6fa45','87638675-11fa-49e5-9bd1-d2524bf6fa45',1,'ROLE_ADMIN',132),(280,'2021-10-13 17:14:22.669000','2021-10-13 17:14:22.669000','87638675-11fa-49e5-9bd1-d2524bf6fa45','87638675-11fa-49e5-9bd1-d2524bf6fa45',1,'ROLE_ADMIN',133),(281,'2021-10-13 17:14:22.680000','2021-10-13 17:14:22.680000','87638675-11fa-49e5-9bd1-d2524bf6fa45','87638675-11fa-49e5-9bd1-d2524bf6fa45',1,'ROLE_ADMIN',134),(282,'2021-10-13 17:14:22.690000','2021-10-13 17:14:22.690000','87638675-11fa-49e5-9bd1-d2524bf6fa45','87638675-11fa-49e5-9bd1-d2524bf6fa45',1,'ROLE_ADMIN',135),(283,'2021-10-13 17:14:27.777000','2021-10-13 17:14:27.777000','87638675-11fa-49e5-9bd1-d2524bf6fa45','87638675-11fa-49e5-9bd1-d2524bf6fa45',1,'ROLE_EMPLOYEE',132),(284,'2021-10-13 17:14:27.791000','2021-10-13 17:14:27.791000','87638675-11fa-49e5-9bd1-d2524bf6fa45','87638675-11fa-49e5-9bd1-d2524bf6fa45',1,'ROLE_EMPLOYEE',133),(285,'2021-10-13 17:14:27.811000','2021-10-13 17:14:27.811000','87638675-11fa-49e5-9bd1-d2524bf6fa45','87638675-11fa-49e5-9bd1-d2524bf6fa45',1,'ROLE_EMPLOYEE',134),(286,'2021-10-13 17:14:27.826000','2021-10-13 17:14:27.826000','87638675-11fa-49e5-9bd1-d2524bf6fa45','87638675-11fa-49e5-9bd1-d2524bf6fa45',1,'ROLE_EMPLOYEE',135),(287,'2021-10-13 17:14:34.637000','2021-10-13 17:14:34.637000','87638675-11fa-49e5-9bd1-d2524bf6fa45','87638675-11fa-49e5-9bd1-d2524bf6fa45',1,'ROLE_USER',132),(288,'2021-10-13 17:14:34.651000','2021-10-13 17:14:34.651000','87638675-11fa-49e5-9bd1-d2524bf6fa45','87638675-11fa-49e5-9bd1-d2524bf6fa45',1,'ROLE_USER',133),(289,'2021-10-13 17:14:34.662000','2021-10-13 17:14:34.662000','87638675-11fa-49e5-9bd1-d2524bf6fa45','87638675-11fa-49e5-9bd1-d2524bf6fa45',1,'ROLE_USER',134),(290,'2021-10-13 17:14:34.674000','2021-10-13 17:14:34.674000','87638675-11fa-49e5-9bd1-d2524bf6fa45','87638675-11fa-49e5-9bd1-d2524bf6fa45',1,'ROLE_USER',135),(291,'2021-10-13 17:14:40.983000','2021-10-13 17:14:40.983000','87638675-11fa-49e5-9bd1-d2524bf6fa45','87638675-11fa-49e5-9bd1-d2524bf6fa45',1,'ROLE_ANONYMOUS',132),(292,'2021-10-13 17:14:41.000000','2021-10-13 17:14:41.000000','87638675-11fa-49e5-9bd1-d2524bf6fa45','87638675-11fa-49e5-9bd1-d2524bf6fa45',1,'ROLE_ANONYMOUS',133),(293,'2021-10-13 17:14:41.014000','2021-10-13 17:14:41.014000','87638675-11fa-49e5-9bd1-d2524bf6fa45','87638675-11fa-49e5-9bd1-d2524bf6fa45',1,'ROLE_ANONYMOUS',134),(294,'2021-10-13 17:14:41.028000','2021-10-13 17:14:41.028000','87638675-11fa-49e5-9bd1-d2524bf6fa45','87638675-11fa-49e5-9bd1-d2524bf6fa45',1,'ROLE_ANONYMOUS',135),(295,'2021-10-15 17:51:28.260000','2021-10-15 17:51:28.260000','87638675-11fa-49e5-9bd1-d2524bf6fa45','87638675-11fa-49e5-9bd1-d2524bf6fa45',1,'ROLE_ADMIN',89),(296,'2021-10-19 14:51:36.637000','2021-10-19 14:51:36.637000','87638675-11fa-49e5-9bd1-d2524bf6fa45','87638675-11fa-49e5-9bd1-d2524bf6fa45',1,'ROLE_ADMIN',78),(297,'2021-10-19 14:51:36.652000','2021-10-19 14:51:36.652000','87638675-11fa-49e5-9bd1-d2524bf6fa45','87638675-11fa-49e5-9bd1-d2524bf6fa45',1,'ROLE_ADMIN',80),(298,'2021-10-19 14:51:36.699000','2021-10-19 14:51:36.699000','87638675-11fa-49e5-9bd1-d2524bf6fa45','87638675-11fa-49e5-9bd1-d2524bf6fa45',1,'ROLE_ADMIN',81),(299,'2021-10-19 14:51:36.710000','2021-10-19 14:51:36.710000','87638675-11fa-49e5-9bd1-d2524bf6fa45','87638675-11fa-49e5-9bd1-d2524bf6fa45',1,'ROLE_ADMIN',82),(300,'2021-10-19 14:51:43.946000','2021-10-19 14:51:43.946000','87638675-11fa-49e5-9bd1-d2524bf6fa45','87638675-11fa-49e5-9bd1-d2524bf6fa45',1,'ROLE_EMPLOYEE',78),(301,'2021-10-19 14:51:43.964000','2021-10-19 14:51:43.964000','87638675-11fa-49e5-9bd1-d2524bf6fa45','87638675-11fa-49e5-9bd1-d2524bf6fa45',1,'ROLE_EMPLOYEE',80),(302,'2021-10-19 14:51:43.976000','2021-10-19 14:51:43.976000','87638675-11fa-49e5-9bd1-d2524bf6fa45','87638675-11fa-49e5-9bd1-d2524bf6fa45',1,'ROLE_EMPLOYEE',81),(303,'2021-10-19 14:51:43.988000','2021-10-19 14:51:43.988000','87638675-11fa-49e5-9bd1-d2524bf6fa45','87638675-11fa-49e5-9bd1-d2524bf6fa45',1,'ROLE_EMPLOYEE',82);
/*!40000 ALTER TABLE `menu_role` ENABLE KEYS */;
UNLOCK TABLES;

--
-- Table structure for table `message`
--

DROP TABLE IF EXISTS `message`;
/*!40101 SET @saved_cs_client     = @@character_set_client */;
/*!50503 SET character_set_client = utf8mb4 */;
CREATE TABLE `message` (
  `message_id` varchar(255) NOT NULL COMMENT '메세지 id',
  `created_date` datetime(6) DEFAULT NULL COMMENT '생성 일시',
  `modified_date` datetime(6) DEFAULT NULL COMMENT '수정 일시',
  `created_by` varchar(255) DEFAULT NULL COMMENT '생성자 id',
  `last_modified_by` varchar(255) DEFAULT NULL COMMENT '수정자 id',
  `message_description` varchar(500) DEFAULT NULL COMMENT '메세지 설명',
  `message_en_name` varchar(2000) DEFAULT NULL COMMENT '메세지 영문',
  `message_ko_name` varchar(2000) NOT NULL COMMENT '메시지 한글',
  PRIMARY KEY (`message_id`)
) ENGINE=InnoDB DEFAULT CHARSET=utf8mb4 COMMENT='메세지';
/*!40101 SET character_set_client = @saved_cs_client */;

--
-- Dumping data for table `message`
--

LOCK TABLES `message` WRITE;
/*!40000 ALTER TABLE `message` DISABLE KEYS */;
INSERT INTO `message` VALUES ('attachment','2021-08-12 10:26:15.000000','2021-08-12 10:26:15.000000','','','','','첨부파일'),('attachment.download_count','2021-08-12 10:27:40.000000','2021-08-12 10:27:40.000000','','','','','다운로드 수'),('attachment.file_id','2021-08-12 10:26:28.000000','2021-08-12 10:26:28.000000','','','','','파일 ID'),('attachment.file_name','2021-08-12 10:26:56.000000','2021-08-12 10:26:56.000000','','','','','파일명'),('attachment.file_no','2021-08-12 10:26:39.000000','2021-08-12 10:26:39.000000','','','','','파일 순번'),('attachment.file_size','2021-08-12 10:27:11.000000','2021-08-12 10:27:11.000000','','','','','파일 크기'),('authorization','2021-08-03 11:29:36.000000','2021-08-03 11:29:36.000000','','','','','인가'),('authorization.authorization_name','2021-08-03 11:29:37.000000','2021-08-03 11:29:37.000000','','','','','인가 명'),('authorization.authorization_no','2021-08-03 11:29:36.000000','2021-08-03 11:29:36.000000','','','','','인가 번호'),('authorization.http_method_code','2021-08-03 11:29:36.000000','2021-08-03 11:29:36.000000','','','','','Http Method'),('authorization.information','2021-08-03 11:29:39.000000','2021-08-03 11:29:39.000000','','','','','인가 정보'),('authorization.url_pattern_value','2021-08-03 11:29:38.000000','2021-08-03 11:29:38.000000','','','','','패턴'),('banner',NULL,NULL,NULL,NULL,NULL,'banner','배너'),('banner.attachment_code',NULL,NULL,NULL,NULL,NULL,NULL,'배너 파일'),('banner.banner_content',NULL,NULL,NULL,NULL,NULL,NULL,'배너 내용'),('banner.banner_title',NULL,NULL,NULL,NULL,NULL,NULL,'배너 제목'),('banner.banner_type_code',NULL,NULL,NULL,NULL,NULL,NULL,'배너 구분'),('banner.new_window_at',NULL,NULL,NULL,NULL,NULL,NULL,'새 창 여부'),('board','2021-08-03 11:29:37.000000','2021-08-03 11:29:37.000000','','','','board','게시판'),('board.board_name','2021-08-03 11:29:38.000000','2021-08-03 11:29:38.000000','','','','','게시판 명'),('board.board_no','2021-08-03 11:29:36.000000','2021-08-03 11:29:36.000000','','','','','게시판 번호'),('board.comment_use_at',NULL,NULL,NULL,NULL,NULL,NULL,'댓글 사용 여부'),('board.editor_use_at','2021-08-03 11:29:38.000000','2021-08-03 11:29:38.000000','','','','','에디터 사용 여부'),('board.information','2021-08-03 11:29:38.000000','2021-08-03 11:29:38.000000','','','','','게시판 정보'),('board.new_display_day_count','2021-08-03 11:29:37.000000','2021-08-03 11:29:37.000000','','','','','신규 표시 일 수'),('board.page_display_count','2021-08-03 11:29:38.000000','2021-08-03 11:29:38.000000','','','','','페이지 표시 수'),('board.post_display_count','2021-08-03 11:29:38.000000','2021-08-03 11:29:38.000000','','','','','게시물 표시 수'),('board.reply_use_at',NULL,NULL,NULL,NULL,NULL,NULL,'답글 사용 여부'),('board.skin_type_code','2021-08-03 11:29:37.000000','2021-08-03 11:29:37.000000','','','','','스킨 유형'),('board.title_display_length','2021-08-03 11:29:37.000000','2021-08-03 11:29:37.000000','','','','','제목 표시 길이'),('board.upload_limit_count','2021-08-03 11:29:37.000000','2021-08-03 11:29:37.000000','','','','','업로드 제한 수'),('board.upload_limit_size','2021-08-03 11:29:37.000000','2021-08-03 11:29:37.000000','','','','','업로드 제한 크기(byte)'),('board.upload_use_at','2021-08-03 11:29:37.000000','2021-08-03 11:29:37.000000','','','','','업로드 사용 여부'),('board.user_write_at',NULL,NULL,NULL,NULL,NULL,NULL,'사용자 작성 여부'),('code.code','2021-08-03 16:17:10.000000','2021-08-03 16:17:14.000000',NULL,NULL,NULL,NULL,'코드'),('code.code_description','2021-08-03 11:29:37.000000','2021-08-03 11:29:37.000000','','','','','코드 설명'),('code.code_id','2021-08-03 11:29:38.000000','2021-08-03 11:29:38.000000','','','','','코드 ID'),('code.code_name','2021-08-03 11:29:38.000000','2021-08-03 11:29:38.000000','','','','','코드 명'),('code.detail.edit','2021-08-03 11:29:38.000000','2021-08-03 11:29:38.000000','','','','','공통코드상세편집'),('code.detail.list','2021-08-03 11:29:37.000000','2021-08-03 11:29:37.000000','','','','','공통코드상세목록'),('code.detail.title','2021-08-03 11:29:38.000000','2021-08-03 11:29:38.000000','','','','','공통코드상세관리'),('code.detail_count','2021-08-03 11:29:38.000000','2021-08-03 11:29:38.000000','','','','','코드 상세수'),('code.edit','2021-08-03 11:29:37.000000','2021-08-03 11:29:37.000000','','','','','공통코드편집'),('code.list','2021-08-03 11:29:38.000000','2021-08-03 11:29:38.000000','','','','','공통코드목록'),('code.manage','2021-08-03 11:29:37.000000','2021-08-03 11:29:37.000000','','','','','코드 관리'),('code.parent_code_id','2021-08-03 11:29:38.000000','2021-08-03 11:29:38.000000','','','','','상위 코드 ID'),('code.title','2021-08-03 11:29:38.000000','2021-08-03 11:29:38.000000','','','','','공통코드관리'),('comment',NULL,NULL,'',NULL,NULL,'comment','댓글'),('comment.comment_content',NULL,NULL,NULL,NULL,NULL,NULL,'내용'),('comment.comment_title','2021-08-23 16:32:05.000000','2021-08-23 16:32:05.000000','','','','','제목'),('common.address','2021-10-12 08:46:52.000000','2021-10-12 08:46:52.000000','','','','','주소'),('common.agree.n',NULL,NULL,NULL,NULL,NULL,NULL,'동의안함'),('common.agree.y',NULL,NULL,NULL,NULL,NULL,NULL,'동의함'),('common.all','2021-10-12 08:46:53.000000','2021-10-12 08:46:53.000000','','','','','전체'),('common.approve','2021-10-12 08:46:53.000000','2021-10-12 08:46:53.000000','','','','','승인'),('common.attachment',NULL,NULL,NULL,NULL,NULL,NULL,'첨부파일'),('common.basic','2021-10-12 08:46:52.000000','2021-10-12 08:46:52.000000','','','','','기본'),('common.cancel','2021-10-12 08:46:53.000000','2021-10-12 08:46:53.000000','','','','','취소'),('common.contact','2021-10-12 08:46:52.000000','2021-10-12 08:46:52.000000','','','','','연락처'),('common.created_at','2021-08-03 11:29:37.000000','2021-08-03 11:29:37.000000','','','','','등록 여부'),('common.created_by','2021-08-03 11:29:37.000000','2021-08-03 11:29:37.000000','','','','','등록자'),('common.created_date','2021-08-23 17:07:07.000000','2021-08-23 17:07:07.000000','','','','','등록일'),('common.created_datetime','2021-08-03 11:29:37.000000','2021-08-03 11:29:37.000000','','','','','등록 일시'),('common.delete.creator',NULL,NULL,NULL,NULL,NULL,NULL,'작성자에 의해 삭제된 댓글입니다.'),('common.delete.manager',NULL,NULL,NULL,NULL,NULL,NULL,'관리자에 의해 삭제된 댓글입니다.'),('common.delete_at','2021-08-03 11:29:38.000000','2021-08-03 11:29:38.000000','','','','','삭제 여부'),('common.end_date','2021-10-12 08:46:52.000000','2021-10-12 08:46:52.000000','','','','','종료일'),('common.end_datetime','2021-10-12 08:46:52.000000','2021-10-12 08:46:52.000000','','','','','종료일시'),('common.free','2021-10-12 08:46:52.000000','2021-10-12 08:46:52.000000','','','','','무료'),('common.home_page_address','2021-10-12 08:46:52.000000','2021-10-12 08:46:52.000000','','','','','홈페이지 주소'),('common.information','2021-08-03 11:29:39.000000','2021-08-03 11:29:39.000000','','','','','정보'),('common.join','2021-08-18 09:37:41.000000','2021-08-18 09:37:41.000000','','','','','회원가입'),('common.last_modified_by','2021-08-03 11:29:38.000000','2021-08-03 11:29:38.000000','','','','','최종 수정자'),('common.login','2021-08-03 11:29:38.000000','2021-08-03 11:29:38.000000','','','','','로그인'),('common.logout','2021-08-03 11:29:37.000000','2021-08-03 11:29:37.000000','','','','','로그아웃'),('common.manage','2021-08-03 11:29:37.000000','2021-08-03 11:29:37.000000','','','','','관리'),('common.modified_date','2021-08-03 11:29:38.000000','2021-08-03 11:29:38.000000','','','','','수정 일시'),('common.more',NULL,NULL,NULL,NULL,NULL,NULL,'더보기'),('common.msg.done.format','2021-10-12 08:46:53.000000','2021-10-12 08:46:53.000000','','','','','이(가) 완료되었습니다.'),('common.msg.would.format','2021-10-12 08:46:53.000000','2021-10-12 08:46:53.000000','','','','','을(를) 하시겠습니까?'),('common.no','2021-08-03 11:29:38.000000','2021-08-03 11:29:38.000000','','','','','번호'),('common.noti','2021-08-03 11:29:37.000000','2021-08-03 11:29:37.000000','','','','','알림'),('common.notice','2021-08-03 11:29:36.000000','2021-08-03 11:29:36.000000','','','','','공지'),('common.paid','2021-10-12 08:46:52.000000','2021-10-12 08:46:52.000000','','','','','유료'),('common.provider',NULL,NULL,NULL,NULL,NULL,NULL,'공급자'),('common.read',NULL,NULL,NULL,NULL,NULL,NULL,'조회'),('common.read_count','2021-08-03 11:29:38.000000','2021-08-03 11:29:38.000000','','','','','조회 수'),('common.required_fields','2021-08-25 13:28:56.000000','2021-08-25 13:28:56.000000','','','','','필수입력항목'),('common.search',NULL,NULL,NULL,NULL,NULL,NULL,'검색'),('common.search_word','2021-08-23 16:26:41.000000','2021-08-23 16:26:41.000000','','','','','검색어'),('common.select','2021-08-03 11:29:37.000000','2021-08-03 11:29:37.000000','','','','','선택'),('common.sitemap','2021-08-18 09:38:21.000000','2021-08-18 09:38:21.000000','','','','','사이트맵'),('common.sort_seq','2021-08-03 11:29:37.000000','2021-08-03 11:29:37.000000','','','','','정렬 순서'),('common.start_date','2021-10-12 08:46:52.000000','2021-10-12 08:46:52.000000','','','','','시작일'),('common.start_datetime','2021-10-12 08:46:52.000000','2021-10-12 08:46:52.000000','','','','','시작일시'),('common.status','2021-10-12 08:46:53.000000','2021-10-12 08:46:53.000000','','','','','상태'),('common.target','2021-08-03 11:29:37.000000','2021-08-03 11:29:37.000000','','','','','대상'),('common.token',NULL,NULL,NULL,NULL,NULL,NULL,'토큰'),('common.type','2021-08-11 18:03:52.000000','2021-08-11 18:03:52.000000','','','','','구분'),('common.url',NULL,NULL,NULL,NULL,NULL,NULL,'URL'),('common.user','2021-10-12 08:46:53.000000','2021-10-12 08:46:53.000000','','','','','사용자'),('common.use_at','2021-08-03 11:29:36.000000','2021-08-03 11:29:36.000000','','','','','사용 여부'),('common.written_by','2021-08-24 10:50:57.000000','2021-08-24 10:50:57.000000','','','','','작성자'),('common.written_date','2021-08-24 10:53:15.000000','2021-08-24 10:53:15.000000','','','','','작성일'),('common_created_date','2021-08-26 12:10:17.000000','2021-08-26 12:10:17.000000','','','','','등록일'),('content','2021-08-03 11:29:38.000000','2021-08-03 11:29:38.000000','','','','','컨텐츠'),('content.content_name','2021-08-03 11:29:37.000000','2021-08-03 11:29:37.000000','','','','','컨텐츠 명'),('content.content_no','2021-08-03 11:29:37.000000','2021-08-03 11:29:37.000000','','','','','컨텐츠 번호'),('content.content_remark','2021-08-03 11:29:38.000000','2021-08-03 11:29:38.000000','','','','','컨텐츠 설명'),('content.content_value','2021-08-03 11:29:38.000000','2021-08-03 11:29:38.000000','','','','','컨텐츠 내용'),('content.information','2021-08-03 11:29:38.000000','2021-08-03 11:29:38.000000','','','','','컨텐츠 정보'),('email.user.password.content',NULL,NULL,NULL,NULL,NULL,NULL,'<style type=\"text/css\">\n@import url(http://fonts.googleapis.com/earlyaccess/notosanskr.css);\nbody {font-family:\"Noto Sans KR\", \"맑은 고딕\", sans-serif; font-weight:400; font-size:14px; color:#333; line-height:18px; -webkit-text-size-adjust:100%; -moz-text-size-adjust:100%; -ms-text-size-adjust:100%;}\n</style>\n<div style=\"width:800px; margin:0 auto;\">\n<a href=\"%s\" style=\"display:block; margin:35px;\"><div><img src=\"https://user-images.githubusercontent.com/80671095/130181337-16d978c6-71c4-4759-82b3-9a542f4c1aad.png\" alt=\"표준프레임워크 포털로고\" style=\"width:170px;\"></div></a>\n<table width=\"800\" align=\"center\" cellspacing=\"0\" border=\"0\" bgcolor=\"#fff\" style=\"margin:0 auto; border:35px solid #eee;\">\n<colgroup>\n<col width=\"165\">\n<col width=\"400\">\n<col width=\"165\">\n</colgroup>\n<thead>\n<tr>\n<th></th>\n<th height=\"100\"></th>\n<th></th>\n</tr>\n<tr>\n<th></th>\n<th align=\"center\" style=\"font-size:40px; font-weight:600;\">비밀번호 초기화 안내</th>\n<th></th>\n</tr>\n<tr>\n<th></th>\n<th height=\"40\" style=\"border-bottom:1px solid #e8e8e8\"></th>\n<th></th>\n</tr>\n</thead>\n<tbody>\n<tr>\n<td colspan=\"3\" height=\"60\"></td>\n</tr>\n<tr>\n<td colspan=\"3\" style=\"padding-left:45px; color:#666; font-size:24px; line-height:36px;\">\n안녕하세요. <b style=\"color:#333;\">%s</b> 회원님.<br><br>\n비밀번호 초기화 관련하여 안내드립니다.<br>\n회원님의 계정 비밀번호를 초기화할 수 있는 URL을 알려드립니다.​<br><br>\n<span style=\"color:#1e75d6; font-weight:600;\">[비밀번호 초기화] 버튼</span>으로 접속하여 비밀번호를 초기화 하신 후<br>서비스를 계속해서 이용해주시기 바랍니다.​<br><br>\n감사합니다.\n</td>\n</tr>\n<tr>\n<td colspan=\"3\" height=\"60\"></td>\n</tr>\n<tr>\n<td colspan=\"3\" align=\"center\">\n<a href=\"%s\" target=\"_blank\" style=\"height:60px; padding:10px 50px; color:#fff; font-size:20px; font-weight:600; text-align:center; line-height:58px; border:0; background:#1e75d6; border-radius:5px; text-decoration: none;\">비밀번호 초기화</a>\n</td>\n</tr>\n<tr>\n<td colspan=\"3\" height=\"100\"></td>\n</tr>\n</tbody>\n</table>\n<div style=\"padding:25px 0; color:#999; font-size:15px; text-align:center; line-height:28px;\">\n(C) 표준프레임워크 포털   All Rights Reserved.\n</div>\n</div>'),('email.user.password.title',NULL,NULL,NULL,NULL,NULL,NULL,'비밀번호 재설정을 위한 안내메일입니다.'),('err.access.denied','2021-08-03 11:29:37.000000','2021-08-03 11:29:37.000000','','','','','해당 요청에 대한 접근이 거절되었습니다'),('err.board.not_use_comment',NULL,NULL,NULL,NULL,NULL,NULL,'댓글 사용이 금지된 게시판입니다.'),('err.db.constraint.delete','2021-08-03 11:29:38.000000','2021-08-03 11:29:38.000000','','','','','참조하는 데이터가 있어 삭제할 수 없습니다'),('err.default.message','2021-08-18 11:19:33.000000','2021-08-18 11:19:33.000000','','','','','알 수 없는 시스템 오류가 발생했습니다.'),('err.duplicate.input.value','2021-08-03 11:29:38.000000','2021-08-03 11:29:38.000000','','','','','중복된 값을 입력하였습니다'),('err.entity.not.found','2021-08-03 11:29:37.000000','2021-08-03 11:29:37.000000','','','','','해당 데이터가 존재하지 않습니다'),('err.internal.server','2021-08-03 11:29:37.000000','2021-08-03 11:29:37.000000','','','','','서버 오류가 발생했습니다'),('err.invalid.input.value','2021-08-03 11:29:36.000000','2021-08-03 11:29:36.000000','','','','','입력값이 올바르지 않습니다'),('err.invalid.type.value','2021-08-03 11:29:38.000000','2021-08-03 11:29:38.000000','','','','','타입이 올바르지 않습니다'),('err.method.not.allowed','2021-08-03 11:29:37.000000','2021-08-03 11:29:37.000000','','','','','해당 요청은 사용 불가능한 상태입니다'),('err.page.not.found','2021-08-03 11:29:37.000000','2021-08-03 11:29:37.000000','','','','','해당 페이지를 찾을 수 없습니다'),('err.posts.deleted',NULL,NULL,NULL,NULL,NULL,NULL,'삭제된 게시물입니다.'),('err.required.login',NULL,NULL,NULL,NULL,NULL,NULL,'로그인 후 다시 시도해주세요.'),('err.title','2021-08-18 11:18:03.000000','2021-08-18 11:18:03.000000','','','','','시스템 오류'),('err.unauthorized','2021-08-03 11:29:37.000000','2021-08-03 11:29:37.000000','','','','','권한이 불충분합니다'),('err.unprocessable.entity','2021-08-03 11:29:37.000000','2021-08-03 11:29:37.000000','','','','','처리할 수 없는 값입니다'),('err.user.change.password',NULL,NULL,NULL,NULL,NULL,NULL,'인증시간이 만료되었습니다.\n처음부터 다시 진행해주시기 바랍니다.'),('err.user.find.password',NULL,NULL,NULL,NULL,NULL,NULL,'비밀번호 찾기 중 예기치 않은 예외가 발생했습니다.'),('err.user.join',NULL,NULL,NULL,NULL,NULL,NULL,'회원 가입 처리가 완료되지 않았습니다.'),('err.user.join.social',NULL,NULL,NULL,NULL,NULL,NULL,'소셜 회원 가입 처리 중 예기치 않은 예외가 발생했습니다.'),('err.user.login',NULL,NULL,NULL,NULL,NULL,NULL,'아이디 또는 비밀번호가 잘못 입력 되었습니다.\n아이디와 비밀번호를 정확히 입력해 주세요.'),('err.user.login.social',NULL,NULL,NULL,NULL,NULL,NULL,'소셜 로그인을 할 수 없습니다.'),('err.user.notexists',NULL,NULL,NULL,NULL,NULL,NULL,'회원이 존재하지 않습니다.'),('err.user.password.notmatch',NULL,NULL,NULL,NULL,NULL,NULL,'잘못된 비밀번호입니다. 다시 시도하거나 비밀번호를 재설정하세요.'),('err.user.socail.find',NULL,NULL,NULL,NULL,NULL,NULL,'소셜 회원 정보를 조회하지 못했습니다.'),('err.user.social.cannotuse',NULL,NULL,NULL,NULL,NULL,NULL,'소셜 회원은 이용할 수 없습니다.'),('err.user.social.get',NULL,NULL,NULL,NULL,NULL,NULL,'공급사에서 회원 정보를 확인할 수 없습니다.'),('err.user.social.notmatch',NULL,NULL,NULL,NULL,NULL,NULL,'소셜 정보와 회원 정보가 일치하지 않습니다.'),('err.user.state.cantlogin',NULL,NULL,NULL,NULL,NULL,NULL,'로그인할 수 없는 회원입니다.'),('file.accept_ext','2021-08-25 10:19:19.000000','2021-08-25 10:19:19.000000','','','','','업로드 허용 확장자'),('file.msg_limit.format','2021-08-25 10:20:52.000000','2021-08-25 10:20:52.000000','','','','','파일은 최대 {0}까지 업로드할 수 있습니다.'),('file.placeholder','2021-08-25 09:52:57.000000','2021-08-25 09:52:57.000000','','','','','업로드 할 파일을 선택해주세요.'),('file.search','2021-08-25 09:49:23.000000','2021-08-25 09:49:23.000000','','','','','파일찾기'),('label.button.add','2021-08-03 16:35:49.000000','2021-08-03 16:35:49.000000','','','','','추가'),('label.button.all_checked','2021-08-17 10:28:05.000000','2021-08-17 10:28:05.000000','','','','','전체체크'),('label.button.all_unchecked','2021-08-17 10:28:17.000000','2021-08-17 10:28:17.000000','','','','','전체해제'),('label.button.asc',NULL,NULL,NULL,NULL,NULL,NULL,'등록순'),('label.button.cancel','2021-08-03 11:29:38.000000','2021-08-03 11:29:38.000000','','','','','취소'),('label.button.change',NULL,NULL,NULL,NULL,NULL,NULL,'변경'),('label.button.change_password',NULL,NULL,NULL,NULL,NULL,NULL,'비밀번호 변경'),('label.button.check_email',NULL,NULL,NULL,NULL,NULL,NULL,'이메일중복확인'),('label.button.close','2021-08-03 11:29:37.000000','2021-08-03 11:29:37.000000','','','','','닫기'),('label.button.comment',NULL,NULL,NULL,NULL,NULL,NULL,'답글'),('label.button.confirm','2021-08-03 11:29:38.000000','2021-08-03 11:29:38.000000','','','','','확인'),('label.button.delete','2021-08-03 11:29:38.000000','2021-08-03 11:29:38.000000','','','','','삭제'),('label.button.desc',NULL,NULL,NULL,NULL,NULL,NULL,'최신순'),('label.button.deselect','2021-08-03 17:57:18.000000','2021-08-03 17:57:18.000000','','','','','선택해제'),('label.button.edit','2021-08-03 11:29:37.000000','2021-08-03 11:29:37.000000','','','','','수정'),('label.button.find','2021-08-03 11:29:38.000000','2021-08-03 11:29:38.000000','','','','','찾기'),('label.button.first',NULL,NULL,NULL,NULL,NULL,NULL,'처음으로'),('label.button.go_home','2021-08-18 11:23:21.000000','2021-08-18 11:23:21.000000','','','','','처음으로'),('label.button.join',NULL,NULL,NULL,NULL,NULL,NULL,'가입'),('label.button.leave',NULL,NULL,NULL,NULL,NULL,NULL,'탈퇴'),('label.button.list','2021-08-03 11:29:38.000000','2021-08-03 11:29:38.000000','','','','','목록'),('label.button.next',NULL,NULL,NULL,NULL,NULL,NULL,'다음'),('label.button.permanent_delete','2021-08-03 11:29:37.000000','2021-08-03 11:29:37.000000','','','','','완전 삭제'),('label.button.prev',NULL,NULL,NULL,NULL,NULL,NULL,'이전'),('label.button.reg','2021-08-03 11:29:38.000000','2021-08-03 11:29:38.000000','','','','','등록'),('label.button.reply',NULL,NULL,NULL,NULL,NULL,NULL,'답글 작성'),('label.button.restore','2021-08-03 11:29:38.000000','2021-08-03 11:29:38.000000','','','','','복원'),('label.button.save','2021-08-03 11:29:38.000000','2021-08-03 11:29:38.000000','','','','','저장'),('label.button.selection_delete','2021-08-03 11:29:37.000000','2021-08-03 11:29:37.000000','','','','','선택삭제'),('label.button.selection_permanent_delete',NULL,NULL,NULL,NULL,NULL,NULL,'선택완전삭제'),('label.button.selection_registration','2021-08-03 11:29:38.000000','2021-08-03 11:29:38.000000','','','','','선택등록'),('label.button.selection_restore',NULL,NULL,NULL,NULL,NULL,NULL,'선택복원'),('label.text.changed_password',NULL,NULL,NULL,NULL,NULL,NULL,'비밀번호가 초기화되었습니다.\n초기화된 비밀번호를 이용하여 로그인해주시기 바랍니다.'),('label.text.google',NULL,NULL,NULL,NULL,NULL,NULL,'구글'),('label.text.join.complete1',NULL,NULL,NULL,NULL,NULL,NULL,'회원가입을 축하드립니다.'),('label.text.join.complete2',NULL,NULL,NULL,NULL,NULL,NULL,'정상적으로 회원 등록이 완료되었습니다.'),('label.text.kakao',NULL,NULL,NULL,NULL,NULL,NULL,'카카오'),('label.text.leave.complete1',NULL,NULL,NULL,NULL,NULL,NULL,'정상적으로 탈퇴 처리 되었습니다.'),('label.text.leave.complete2',NULL,NULL,NULL,NULL,NULL,NULL,'그동안 이용해주셔서 감사합니다.'),('label.text.modified_password',NULL,NULL,NULL,NULL,NULL,NULL,'비밀번호가 정상적으로 변경되었습니다.\n변경된 비밀번호는 다음 로그인시부터 적용됩니다.'),('label.text.naver',NULL,NULL,NULL,NULL,NULL,NULL,'네이버'),('label.text.password_format',NULL,NULL,NULL,NULL,NULL,NULL,'* 영문, 숫자, 특수기호가 포함된 8자~20자리'),('label.text.required.login',NULL,NULL,NULL,NULL,NULL,NULL,'회원님의 개인정보를 안전하게 보호하기 위해 인증 후 변경이 가능합니다.'),('label.text.user.info.modified',NULL,NULL,NULL,NULL,NULL,NULL,'회원정보가 정상적으로 변경되었습니다.'),('label.text.user.leave.guide1',NULL,NULL,NULL,NULL,NULL,NULL,'회원탈퇴 후 입력하신 문의 및 게시물 등은 삭제되지 않으며, 회원정보 삭제로 인해 작성자 본인을 확인할 수 없어 편집 및 삭제 처리가 불가능합니다.'),('label.text.user.leave.guide2',NULL,NULL,NULL,NULL,NULL,NULL,'문의 및 게시물 삭제를 원하시는 경우에는 먼저 해당 게시물을 삭제하신 후 탈퇴를 신청하시기 바랍니다.'),('label.text.user.leave.guide3',NULL,NULL,NULL,NULL,NULL,NULL,'회원탈퇴 후 모든 개인정보는 개인정보 처리방침에 의거하여 삭제됩니다.'),('label.text.user.leave.password',NULL,NULL,NULL,NULL,NULL,NULL,'회원탈퇴를 하시려면 현재 비밀번호를 입력해주세요.'),('label.text.user.leave1',NULL,NULL,NULL,NULL,NULL,NULL,'그동안 이용해주셔서 감사합니다.'),('label.text.user.leave2',NULL,NULL,NULL,NULL,NULL,NULL,'회원탈퇴 전에 안내사항을 확인해주세요.'),('label.text.user.password.modified',NULL,NULL,NULL,NULL,NULL,NULL,'비밀번호가 정상적으로 변경되었습니다.'),('label.title.agree1',NULL,NULL,NULL,NULL,NULL,NULL,'이용약관'),('label.title.agree2',NULL,NULL,NULL,NULL,NULL,NULL,'개인정보수집동의'),('label.title.change_password',NULL,NULL,NULL,NULL,NULL,NULL,'비밀번호 변경'),('label.title.current_password',NULL,NULL,NULL,NULL,NULL,NULL,'현재 비밀번호'),('label.title.find_password',NULL,NULL,NULL,NULL,NULL,NULL,'비밀번호 찾기'),('label.title.guide',NULL,NULL,NULL,NULL,NULL,NULL,'안내사항'),('label.title.home',NULL,NULL,NULL,NULL,NULL,NULL,'홈'),('label.title.join',NULL,NULL,NULL,NULL,NULL,NULL,'회원가입'),('label.title.leave',NULL,NULL,NULL,NULL,NULL,NULL,'회원탈퇴'),('label.title.login.oauth',NULL,NULL,NULL,NULL,NULL,NULL,'간편로그인'),('label.title.mypage',NULL,NULL,NULL,NULL,NULL,NULL,'마이페이지'),('label.title.name',NULL,NULL,NULL,NULL,NULL,NULL,'이름'),('label.title.new_password',NULL,NULL,NULL,NULL,NULL,NULL,'신규 비밀번호'),('label.title.new_password_confirm',NULL,NULL,NULL,NULL,NULL,NULL,'신규 비밀번호 확인'),('label.title.oauth',NULL,NULL,NULL,NULL,NULL,NULL,'간편인증'),('label.title.password_confirm',NULL,NULL,NULL,NULL,NULL,NULL,'비밀번호 확인'),('label.title.required',NULL,NULL,NULL,NULL,NULL,NULL,'필수입력항목'),('location','2021-09-17 16:38:53.000000','2021-09-17 16:38:53.000000','','','','','지역'),('location.name','2021-09-17 16:39:57.000000','2021-09-17 16:39:57.000000','','','','','지역 명'),('login.email_save','2021-08-30 14:09:59.000000','2021-08-30 14:09:59.000000','','','','','이메일 저장'),('login.password_find','2021-08-30 14:04:14.000000','2021-08-30 14:04:14.000000','','','','','비밀번호 찾기'),('menu','2021-08-03 11:29:37.000000','2021-08-03 11:29:37.000000','','','','','메뉴'),('menu.all_collapse','2021-08-03 17:56:33.000000','2021-08-03 17:56:33.000000','','','','','전체접기'),('menu.all_expand','2021-08-03 17:54:45.000000','2021-08-03 17:54:45.000000','','','','','전체펼침'),('menu.blank','2021-08-03 11:29:37.000000','2021-08-03 11:29:37.000000','','','','','새창'),('menu.connect_type','2021-08-03 11:29:38.000000','2021-08-03 11:29:38.000000','','','','','연결 형태'),('menu.description','2021-08-03 11:29:36.000000','2021-08-03 11:29:36.000000','','','','','메뉴 설명'),('menu.eng_name','2021-08-03 11:29:36.000000','2021-08-03 11:29:36.000000','','','','','영문 메뉴명'),('menu.icon','2021-08-03 11:29:38.000000','2021-08-03 11:29:38.000000','','','','','메뉴 아이콘'),('menu.info_title','2021-08-03 11:29:37.000000','2021-08-03 11:29:37.000000','','','','','메뉴 기본 설정'),('menu.name','2021-08-03 11:29:38.000000','2021-08-03 11:29:38.000000','','','','','메뉴명'),('menu.new_menu','2021-08-03 17:22:42.000000','2021-08-03 17:22:42.000000','','','','','새 메뉴'),('menu.no','2021-08-03 11:29:36.000000','2021-08-03 11:29:36.000000','','','','','메뉴 번호'),('menu.outside_link_help','2021-08-03 11:29:37.000000','2021-08-03 11:29:37.000000','','','','','외부 페이지링크는 http// 또는 https// 를 포함하여 입력해주시기 바랍니다.'),('menu.self','2021-08-03 11:29:37.000000','2021-08-03 11:29:37.000000','','','','','현재창'),('menu.show_at','2021-08-03 11:29:37.000000','2021-08-03 11:29:37.000000','','','','','출력 여부'),('menu.site','2021-08-12 08:59:39.000000','2021-08-12 08:59:39.000000','','','','','사이트'),('menu.sub_name','2021-08-03 11:29:38.000000','2021-08-03 11:29:38.000000','','','','','메뉴 서브명'),('menu.type','2021-08-03 11:29:36.000000','2021-08-03 11:29:36.000000','','','','','메뉴 유형'),('menu.update_name','2021-08-03 16:38:00.000000','2021-08-03 16:38:00.000000','','','','','이름변경'),('menu.url_path','2021-08-03 11:29:38.000000','2021-08-03 11:29:38.000000','','','','','링크 URL'),('menu.valid.change_name','2021-08-09 15:41:04.000000','2021-08-09 15:41:04.000000','','','','','이름을 변경할 메뉴를 선택해 주세요.'),('menu.valid.delete','2021-08-09 15:11:12.000000','2021-08-09 15:11:12.000000','','','','','삭제할 메뉴를 선택해 주세요.'),('msg.confirm.delete','2021-08-03 11:29:37.000000','2021-08-03 11:29:37.000000','','','','','삭제하시겠습니까?'),('msg.confirm.join.social',NULL,NULL,NULL,NULL,NULL,NULL,'가입 정보가 없습니다. 회원가입 페이지로 이동하시겠습니까?'),('msg.confirm.leave',NULL,NULL,NULL,NULL,NULL,NULL,'탈퇴하시겠습니까?'),('msg.confirm.permanent_delete','2021-08-03 11:29:38.000000','2021-08-03 11:29:38.000000','','','','','완전히 삭제하시겠습니까?'),('msg.confirm.registration','2021-08-03 11:29:37.000000','2021-08-03 11:29:37.000000','','','','','등록하시겠습니까?'),('msg.confirm.restore','2021-08-03 11:29:38.000000','2021-08-03 11:29:38.000000','','','','','복원하시겠습니까?'),('msg.confirm.save','2021-08-03 11:29:38.000000','2021-08-03 11:29:38.000000','','','','','저장하시겠습니까?'),('msg.inventory_failed','2021-10-12 08:46:53.000000','2021-10-12 08:46:53.000000','','','','','재고 업데이트에 실패했습니다.'),('msg.join.agree1',NULL,NULL,NULL,NULL,NULL,NULL,'이용약관에 동의해주세요.'),('msg.join.agree2',NULL,NULL,NULL,NULL,NULL,NULL,'개인정보수집에 동의해주세요.'),('msg.notmodified',NULL,NULL,NULL,NULL,NULL,NULL,'변경된 내용이 없습니다.'),('msg.placeholder','2021-08-03 11:29:38.000000','2021-08-03 11:29:38.000000','','','','','을(를) 입력하세요.'),('msg.placeholder.format','2021-08-03 11:29:38.000000','2021-08-03 11:29:38.000000','','','','','{0}을(를) 입력하세요.'),('msg.success.delete','2021-08-03 11:29:38.000000','2021-08-03 11:29:38.000000','','','','','성공적으로 삭제되었습니다.'),('msg.success.permanent_delete','2021-08-03 11:29:37.000000','2021-08-03 11:29:37.000000','','','','','성공적으로 완전삭제되었습니다.'),('msg.success.restore','2021-08-03 11:29:38.000000','2021-08-03 11:29:38.000000','','','','','성공적으로 복원되었습니다.'),('msg.success.save','2021-08-03 11:29:37.000000','2021-08-03 11:29:37.000000','','','','','성공적으로 저장되었습니다.'),('msg.user.email.check',NULL,NULL,NULL,NULL,NULL,NULL,'이메일 중복을 확인해주세요.'),('msg.user.email.exists',NULL,NULL,NULL,NULL,NULL,NULL,'이미 사용중인 이메일입니다.'),('msg.user.email.notexists',NULL,NULL,NULL,NULL,NULL,NULL,'사용 가능한 이메일입니다.'),('msg.user.find.password',NULL,NULL,NULL,NULL,NULL,NULL,'회원님의 메일주소 {0}로\n비밀번호를 초기화하는 URL을 전송하였습니다.\n메일을 확인하여 비밀번호를 초기화한 후 로그인하세요.'),('policy','2021-08-11 18:02:42.000000','2021-08-11 18:02:42.000000','','','','','이용약관'),('policy.title','2021-08-11 18:04:53.000000','2021-08-11 18:04:53.000000','','','','','약관제목'),('posts','2021-08-03 11:29:38.000000','2021-08-03 11:29:38.000000','','','','','게시물'),('posts.attachment_code','2021-08-03 11:29:37.000000','2021-08-03 11:29:37.000000','','','','','첨부파일 코드'),('posts.board_no','2021-08-03 11:29:38.000000','2021-08-03 11:29:38.000000','','','','','게시판 번호'),('posts.information','2021-08-03 11:29:37.000000','2021-08-03 11:29:37.000000','','','','','게시물 정보'),('posts.next_post','2021-08-24 10:59:21.000000','2021-08-24 10:59:21.000000','','','','','다음글'),('posts.notexists.next',NULL,NULL,NULL,NULL,NULL,NULL,'다음글이 없습니다.'),('posts.notexists.prev',NULL,NULL,NULL,NULL,NULL,NULL,'이전글이 없습니다.'),('posts.notice_at','2021-08-03 11:29:36.000000','2021-08-03 11:29:36.000000','','','','','공지 여부'),('posts.posts_answer_content','2021-08-03 11:29:36.000000','2021-08-03 11:29:36.000000','','','','','답변'),('posts.posts_content','2021-08-03 11:29:38.000000','2021-08-03 11:29:38.000000','','','','','내용'),('posts.posts_no','2021-08-03 11:29:38.000000','2021-08-03 11:29:38.000000','','','','','게시물 번호'),('posts.posts_title','2021-08-03 11:29:37.000000','2021-08-03 11:29:37.000000','','','','','제목'),('posts.prev_post','2021-08-24 10:59:14.000000','2021-08-24 10:59:14.000000','','','','','이전글'),('posts.qna_content','2021-08-25 17:03:44.000000','2021-08-25 17:03:44.000000','','','','','질문내용'),('posts.qna_title','2021-08-25 16:56:50.000000','2021-08-25 16:56:50.000000','','','','','질문제목'),('posts.reply_placeholder','2021-08-24 13:08:53.000000','2021-08-24 13:08:53.000000','','','','','댓글을 남겨주세요.'),('posts.see_more','2021-08-24 10:58:39.000000','2021-08-24 10:58:39.000000','','','','','더보기'),('privacy','2021-08-03 11:29:38.000000','2021-08-03 11:29:38.000000','','','','','개인정보처리방침'),('privacy.information','2021-08-03 11:29:37.000000','2021-08-03 11:29:37.000000','','','','','개인정보처리방침 정보'),('privacy.privacy_content','2021-08-03 11:29:37.000000','2021-08-03 11:29:37.000000','','','','','개인정보처리방침 내용'),('privacy.privacy_no','2021-08-03 11:29:37.000000','2021-08-03 11:29:37.000000','','','','','개인정보처리방침 번호'),('privacy.privacy_title','2021-08-03 11:29:38.000000','2021-08-03 11:29:38.000000','','','','','개인정보처리방침 제목'),('reserve','2021-10-12 08:46:52.000000','2021-10-12 08:46:52.000000','','','','','예약'),('reserve.cancel_reason','2021-10-12 08:46:53.000000','2021-10-12 08:46:53.000000','','','','','취소 사유'),('reserve.count','2021-10-12 08:46:53.000000','2021-10-12 08:46:53.000000','','','','','수량'),('reserve.msg.calcel_reason','2021-10-12 08:46:53.000000','2021-10-12 08:46:53.000000','','','','','취소 사유를 입력하세요.'),('reserve.msg.complete','2021-10-15 17:41:59.000000','2021-10-15 17:41:59.000000','','','','','정상적으로 예약신청이 완료되었습니다.'),('reserve.msg.find_item','2021-10-12 08:46:52.000000','2021-10-12 08:46:52.000000','','','','','예약물품 검색을 이용하여 예약 신청하실 물품을 등록해주세요.'),('reserve.msg.find_user','2021-10-12 08:46:53.000000','2021-10-12 08:46:53.000000','','','','','예약 신청자를 검색을 통해 등록해 주세요.'),('reserve.msg.possible_count','2021-10-12 08:46:53.000000','2021-10-12 08:46:53.000000','','','','','신청기간내 예약가능 수량'),('reserve.number_of_people','2021-10-12 08:46:53.000000','2021-10-12 08:46:53.000000','','','','','인원'),('reserve.period','2021-10-12 09:07:06.000000','2021-10-12 09:07:06.000000','','','','','기간'),('reserve.phone','2021-10-12 08:46:53.000000','2021-10-12 08:46:53.000000','','','','','휴대전화'),('reserve.purpose','2021-10-12 08:46:53.000000','2021-10-12 08:46:53.000000','','','','','목적'),('reserve.request','2021-10-12 08:46:53.000000','2021-10-12 08:46:53.000000','','','','','신청'),('reserve.status','2021-10-12 08:46:53.000000','2021-10-12 08:46:53.000000','','','','','신청 상태'),('reserve.user','2021-10-12 08:46:53.000000','2021-10-12 08:46:53.000000','','','','','예약자'),('reserve_item','2021-09-17 17:33:47.000000','2021-09-17 17:33:47.000000','','','','','예약 물품'),('reserve_item.add_information','2021-10-12 08:46:52.000000','2021-10-12 08:46:52.000000','','','','','부가 정보'),('reserve_item.contact','2021-10-12 08:46:52.000000','2021-10-12 08:46:52.000000','','','','','문의처'),('reserve_item.dept','2021-10-12 08:46:52.000000','2021-10-12 08:46:52.000000','','','','','소속'),('reserve_item.excluded','2021-10-12 08:46:52.000000','2021-10-12 08:46:52.000000','','','','','사용허가 제외대상'),('reserve_item.external_url','2021-10-12 08:46:52.000000','2021-10-12 08:46:52.000000','','','','','외부링크 URL'),('reserve_item.impossible','2021-10-14 14:38:02.000000','2021-10-14 14:38:02.000000','','','','','예약 불가'),('reserve_item.inventory','2021-09-17 17:34:59.000000','2021-09-17 17:34:59.000000','','','','','재고(인원)'),('reserve_item.is_possible','2021-10-14 14:36:57.000000','2021-10-14 14:36:57.000000','','','','','예약 가능 여부'),('reserve_item.manager','2021-10-12 08:46:52.000000','2021-10-12 08:46:52.000000','','','','','담당자'),('reserve_item.max_period_days','2021-10-12 08:46:52.000000','2021-10-12 08:46:52.000000','','','','','최대 예약 가능 일수'),('reserve_item.name','2021-09-17 17:34:42.000000','2021-09-17 17:34:42.000000','','','','','예약 물품 명'),('reserve_item.operation','2021-10-12 08:46:52.000000','2021-10-12 08:46:52.000000','','','','','운영'),('reserve_item.period_possible','2021-10-12 08:46:52.000000','2021-10-12 08:46:52.000000','','','','','기간 지정 가능여부'),('reserve_item.possible','2021-10-14 14:37:48.000000','2021-10-14 14:37:48.000000','','','','','예약 가능'),('reserve_item.purpose','2021-10-12 08:46:52.000000','2021-10-12 08:46:52.000000','','','','','용도'),('reserve_item.request','2021-10-12 08:46:52.000000','2021-10-12 08:46:52.000000','','','','','예약신청'),('reserve_item.reserve_means','2021-10-12 08:46:52.000000','2021-10-12 08:46:52.000000','','','','','인터넷 예약 구분'),('reserve_item.reserve_method','2021-10-12 08:46:52.000000','2021-10-12 08:46:52.000000','','','','','예약 방법'),('reserve_item.selection_means','2021-10-12 08:46:52.000000','2021-10-12 08:46:52.000000','','','','','선별 방법'),('reserve_item.target','2021-10-12 08:46:52.000000','2021-10-12 08:46:52.000000','','','','','이용 대상'),('reserve_item.type','2021-09-17 17:34:20.000000','2021-09-17 17:34:20.000000','','','','','유형'),('reserve_item.usage_fee','2021-10-12 08:46:52.000000','2021-10-12 08:46:52.000000','','','','','이용 요금'),('reserve_titem.msg.help_period','2021-10-12 08:46:52.000000','2021-10-12 08:46:52.000000','','','','','기간 지정 신청인 경우 1일 기준'),('role','2021-08-03 11:29:37.000000','2021-08-03 11:29:37.000000','','','','','권한'),('role.information','2021-08-03 11:29:37.000000','2021-08-03 11:29:37.000000','','','','','권한 정보'),('role.manage_authorization','2021-08-03 11:29:37.000000','2021-08-03 11:29:37.000000','','','','','권한매핑관리'),('role.role_content','2021-08-03 11:29:36.000000','2021-08-03 11:29:36.000000','','','','','권한 내용'),('role.role_id','2021-08-03 11:29:38.000000','2021-08-03 11:29:38.000000','','','','','권한 id'),('role.role_name','2021-08-03 11:29:38.000000','2021-08-03 11:29:38.000000','','','','','권한 명'),('role_authorization','2021-08-03 11:29:36.000000','2021-08-03 11:29:36.000000','','','','','권한 인가'),('statistics','2021-09-07 11:31:09.000000','2021-09-07 11:31:09.000000','','','','','통계'),('statistics.access','2021-09-07 13:19:44.000000','2021-09-07 13:19:44.000000','','','','','접속 통계'),('statistics.daily','2021-09-07 11:31:24.000000','2021-09-07 11:31:24.000000','','','','','일별'),('statistics.day','2021-09-07 12:56:29.000000','2021-09-07 12:56:29.000000','','','','','일'),('statistics.month','2021-09-07 12:56:38.000000','2021-09-07 12:56:38.000000','','','','','월'),('statistics.monthly','2021-09-07 11:31:18.000000','2021-09-07 11:31:18.000000','','','','','월별'),('statistics.year','2021-09-10 16:08:23.000000','2021-09-10 16:08:23.000000','','','','','년'),('user.email','2021-08-03 11:29:37.000000','2021-08-03 11:29:37.000000','','','','','이메일'),('user.last_login_date',NULL,NULL,NULL,NULL,NULL,NULL,'최종 로그인 일시'),('user.login.provider',NULL,NULL,NULL,NULL,NULL,'','로그인 방법'),('user.login_lock_at',NULL,NULL,NULL,NULL,NULL,NULL,'로그인 잠금 여부'),('user.password','2021-08-03 11:29:37.000000','2021-08-03 11:29:37.000000','','','','','비밀번호'),('user.user_name','2021-08-03 11:29:38.000000','2021-08-03 11:29:38.000000','','','','','사용자명'),('user.user_state_code',NULL,NULL,NULL,NULL,NULL,NULL,'사용자 상태'),('valid.between.format','2021-08-03 11:29:37.000000','2021-08-03 11:29:37.000000','','','','','{0} ~ {1} 사이의 값을 입력해주세요.'),('valid.cant_cancel','2021-10-12 08:46:53.000000','2021-10-12 08:46:53.000000','','','','','해당 예약은 취소할 수 없습니다.'),('valid.cant_cancel_because_done','2021-10-12 08:46:53.000000','2021-10-12 08:46:53.000000','','','','','해당 예약은 이미 실행되어 취소할 수 없습니다.'),('valid.email.pattern',NULL,NULL,NULL,NULL,NULL,NULL,'이메일 주소를 확인해주세요.'),('valid.file.invalid_name','2021-08-12 09:33:39.000000','2021-08-12 09:33:39.000000','','','','','파일명이 잘못되었습니다.'),('valid.file.not_deleted','2021-08-12 09:11:28.000000','2021-08-12 09:11:28.000000','','','','','파일을 삭제할 수 없습니다.'),('valid.file.not_exists','2021-08-12 09:07:54.000000','2021-08-12 09:07:54.000000','','','','','업로드할 파일이 없습니다.'),('valid.file.not_found','2021-08-12 09:07:35.000000','2021-08-12 09:07:35.000000','','','','','파일을 찾을 수 없습니다.'),('valid.file.not_saved_try_again','2021-08-12 09:19:09.000000','2021-08-12 09:19:09.000000','','','','','파일을 저장할 수 없습니다. 다시 시도해 주세요.'),('valid.file.too_big','2021-08-12 09:08:16.000000','2021-08-12 09:08:16.000000','','','','','파일 용량이 너무 큽니다.'),('valid.format_not_match','2021-08-30 14:24:10.000000','2021-08-30 14:24:10.000000','','','','','형식이 맞지 않습니다.'),('valid.manager_approve','2021-10-12 08:46:53.000000','2021-10-12 08:46:53.000000','','','','','관리자만 승인할 수 있습니다.'),('valid.maxlength.format','2021-08-03 11:29:37.000000','2021-08-03 11:29:37.000000','','','','','{0}자 이하로 입력해주세요.'),('valid.minlength.format','2021-08-03 11:29:38.000000','2021-08-03 11:29:38.000000','','','','','{0}자 이상으로 입력해주세요.'),('valid.notexists.format','2021-08-03 11:29:38.000000','2021-08-03 11:29:38.000000','','','','','{0}이(가) 없습니다.'),('valid.password','2021-08-03 11:29:37.000000','2021-08-03 11:29:37.000000','','','','','비밀번호는 영문 숫자 특수기호가 포함된 8자~20자리 이내로 입력해주세요.'),('valid.password.confirm',NULL,NULL,NULL,NULL,NULL,NULL,'비밀번호가 일치하지 않습니다.'),('valid.required','2021-08-03 11:29:37.000000','2021-08-03 11:29:37.000000','','','','','값은 필수 입니다.'),('valid.required.format','2021-08-03 11:29:38.000000','2021-08-03 11:29:38.000000','','','','','{0}을(를) 입력해주세요.'),('valid.reserve.number_of_people','2021-10-12 08:46:53.000000','2021-10-12 08:46:53.000000','','','','','신청인원이 수용인원보다 많습니다.'),('valid.reserve_close','2021-10-12 08:46:53.000000','2021-10-12 08:46:53.000000','','','','','예약이 마감되었습니다.'),('valid.reserve_count','2021-10-12 08:46:53.000000','2021-10-12 08:46:53.000000','','','','','해당 날짜에 예약할 수 있는 재고수량이 없습니다.'),('valid.reserve_date','2021-10-12 08:46:53.000000','2021-10-12 08:46:53.000000','','','','','해당 날짜에는 예약할 수 없습니다.'),('valid.reserve_not_update','2021-10-12 08:46:53.000000','2021-10-12 08:46:53.000000','','','','','해당 예약은 수정할 수 없습니다.'),('valid.reserve_not_update_status','2021-10-12 08:46:53.000000','2021-10-12 08:46:53.000000','','','','','예약 신청 상태인 경우에만 수정 가능합니다.'),('valid.reserve_number_of_people','2021-10-12 08:46:53.000000','2021-10-12 08:46:53.000000','','','','','예약가능한 인원이 부족합니다. (남은 인원 : {0})'),('valid.reserve_period','2021-10-12 08:46:53.000000','2021-10-12 08:46:53.000000','','','','','최대 예약 가능 일수보다 예약기간이 깁니다. (최대 예약 가능일 수 : {0})'),('valid.selection.already_deleted.format','2021-08-03 11:29:38.000000','2021-08-03 11:29:38.000000','','','','','선택한 정보는 이미 모두 삭제되어 있습니다.'),('valid.selection.already_restored.format',NULL,NULL,NULL,NULL,NULL,NULL,'선택한 정보는 이미 모두 복원되어 있습니다.'),('valid.selection.already_saved.format','2021-08-03 11:29:38.000000','2021-08-03 11:29:38.000000','','','','','선택한 정보는 이미 모두 등록되어 있습니다.'),('valid.selection.format','2021-08-03 11:29:37.000000','2021-08-03 11:29:37.000000','','','','','{0}을(를) 선택해주세요.'),('valid.to_be_fast.format','2021-10-12 08:46:53.000000','2021-10-12 08:46:53.000000','','','','','{0}이 {1} 보다 빠릅니다.'),('valid.to_be_slow.format','2021-10-12 08:46:53.000000','2021-10-12 08:46:53.000000','','','','','{0}이 {1} 보다 늦습니다.'),('valid.upload_limit_count.format',NULL,NULL,NULL,NULL,NULL,NULL,'파일은 최대 {0}개까지 업로드 가능합니다.'),('valid.upload_limit_size.format',NULL,NULL,NULL,NULL,NULL,NULL,'파일의 용량은 {0}까지 업로드 가능합니다.'),('valid.user.password.notchange',NULL,NULL,NULL,NULL,NULL,NULL,'현재 비밀번호와 동일한 비밀번호 입니다.'),('valid.value_as_date','2021-08-03 11:29:37.000000','2021-08-03 11:29:37.000000','','','','','날짜 형식으로 입력해주세요.'),('valid.value_as_number','2021-08-03 11:29:38.000000','2021-08-03 11:29:38.000000','','','','','숫자만 입력가능합니다.');
/*!40000 ALTER TABLE `message` ENABLE KEYS */;
UNLOCK TABLES;

--
-- Table structure for table `policy`
--

DROP TABLE IF EXISTS `policy`;
/*!40101 SET @saved_cs_client     = @@character_set_client */;
/*!50503 SET character_set_client = utf8mb4 */;
CREATE TABLE `policy` (
  `policy_id` bigint(20) NOT NULL AUTO_INCREMENT COMMENT '약관 id',
  `created_date` datetime(6) DEFAULT NULL COMMENT '생성 일시',
  `modified_date` datetime(6) DEFAULT NULL COMMENT '수정 일시',
  `created_by` varchar(255) DEFAULT NULL COMMENT '생성자 id',
  `last_modified_by` varchar(255) DEFAULT NULL COMMENT '수정자 id',
  `policy_content` longtext COMMENT '약관 내용',
  `use_at` tinyint(1) DEFAULT '1' COMMENT '사용 여부',
  `reg_timestamp` datetime(6) DEFAULT NULL COMMENT '등록 일시',
  `policy_title` varchar(200) DEFAULT NULL COMMENT '약관 제목',
  `type_id` varchar(20) NOT NULL COMMENT '약관 유형 id',
  PRIMARY KEY (`policy_id`)
) ENGINE=InnoDB AUTO_INCREMENT=3 DEFAULT CHARSET=utf8mb4 COMMENT='이용약관';
/*!40101 SET character_set_client = @saved_cs_client */;

--
-- Dumping data for table `policy`
--

LOCK TABLES `policy` WRITE;
/*!40000 ALTER TABLE `policy` DISABLE KEYS */;
INSERT INTO `policy` VALUES (1,'2021-08-10 14:40:58.094000','2021-10-19 16:40:43.639000','a2ebc791-7396-4e35-b771-30a4d50e0fdd','87638675-11fa-49e5-9bd1-d2524bf6fa45','<p><strong>제1장 총칙</strong></p><p>&nbsp;</p><p><strong>&nbsp;제1조(목적) 이 약관은 회사가 온라인으로 제공하는 디지털콘텐츠(이하 \"콘텐츠\"라고 한다) 및 제반서비스의 이용과 관련하여 회사와 이용자와의 권리, 의무 및 책임사항 등을 규정함을 목적으로 합니다.</strong></p><p>&nbsp;</p><p><strong>&nbsp;제2조(정의) 이 약관에서 사용하는 용어의 정의는 다음과 같습니다.</strong></p><p>&nbsp;</p><p><strong>1. \"회사\"라 함은 \"콘텐츠\" 산업과 관련된 경제활동을 영위하는 자로서 콘텐츠 및 제반서비스를 제공하는 자를 말합니다.</strong></p><p>&nbsp;</p><p><strong>2. \"이용자\"라 함은 \"회사\"의 사이트에 접속하여 이 약관에 따라 \"회사\"가 제공하는 \"콘텐츠\" 및 제반서비스를 이용하는 회원 및 비회원을 말합니다.</strong></p>',1,'2021-08-10 14:40:57.468000','이용약관','TOS'),(2,'2021-08-17 18:51:27.786000','2021-10-12 11:13:10.371000','87638675-11fa-49e5-9bd1-d2524bf6fa45','87638675-11fa-49e5-9bd1-d2524bf6fa45','<p><strong>1. 개인정보의 수집·이용에 관한 사항</strong></p><p><strong>…</strong></p><p>&nbsp;</p><p><strong>2. 개인정보의 제공에 관한 사항</strong></p><p><strong>…</strong></p><p>&nbsp;</p><p><strong>3. 고유식별정보의 처리에 관한 사항</strong></p><p>…</p>',1,'2021-08-17 18:51:27.348000','개인정보처리동의','PP');
/*!40000 ALTER TABLE `policy` ENABLE KEYS */;
UNLOCK TABLES;

--
-- Table structure for table `posts`
--

DROP TABLE IF EXISTS `posts`;
/*!40101 SET @saved_cs_client     = @@character_set_client */;
/*!50503 SET character_set_client = utf8mb4 */;
CREATE TABLE `posts` (
  `board_no` int(9) NOT NULL COMMENT '게시판 번호',
  `posts_no` int(9) NOT NULL COMMENT '게시물 번호',
  `posts_title` varchar(100) NOT NULL COMMENT '게시물 제목',
  `posts_content` longtext NOT NULL COMMENT '게시물 내용',
  `posts_answer_content` longtext COMMENT '게시물 답변 내용',
  `attachment_code` varchar(255) DEFAULT NULL COMMENT '첨부파일 코드',
  `read_count` int(9) NOT NULL DEFAULT '0' COMMENT '조회 수',
  `notice_at` tinyint(1) NOT NULL DEFAULT '0' COMMENT '공지 여부',
  `delete_at` tinyint(1) NOT NULL DEFAULT '0' COMMENT '삭제 여부',
  `created_by` varchar(255) NOT NULL COMMENT '생성자 id',
  `created_date` datetime NOT NULL DEFAULT CURRENT_TIMESTAMP COMMENT '생성 일시',
  `last_modified_by` varchar(255) NOT NULL COMMENT '최종 수정자 id',
  `modified_date` datetime NOT NULL DEFAULT CURRENT_TIMESTAMP COMMENT '수정 일시',
  PRIMARY KEY (`board_no`,`posts_no`),
  KEY `posts_FK02` (`created_by`),
  KEY `posts_FK03` (`last_modified_by`),
  CONSTRAINT `posts_FK01` FOREIGN KEY (`board_no`) REFERENCES `board` (`board_no`) ON DELETE CASCADE,
  CONSTRAINT `posts_FK02` FOREIGN KEY (`created_by`) REFERENCES `user` (`user_id`),
  CONSTRAINT `posts_FK03` FOREIGN KEY (`last_modified_by`) REFERENCES `user` (`user_id`)
) ENGINE=InnoDB DEFAULT CHARSET=utf8mb4 COMMENT='게시물';
/*!40101 SET character_set_client = @saved_cs_client */;


--
-- Table structure for table `posts_read`
--

DROP TABLE IF EXISTS `posts_read`;
/*!40101 SET @saved_cs_client     = @@character_set_client */;
/*!50503 SET character_set_client = utf8mb4 */;
CREATE TABLE `posts_read` (
  `board_no` int(9) NOT NULL COMMENT '게시판 번호',
  `posts_no` int(9) NOT NULL COMMENT '게시물 번호',
  `read_no` int(9) NOT NULL COMMENT '조회 번호',
  `user_id` varchar(255) DEFAULT NULL COMMENT '사용자 id',
  `token_id` varchar(50) DEFAULT NULL COMMENT '토큰 id',
  `ip_addr` varchar(50) NOT NULL COMMENT 'ip 주소',
  `created_date` datetime NOT NULL DEFAULT CURRENT_TIMESTAMP COMMENT '생성 일시',
  PRIMARY KEY (`board_no`,`posts_no`,`read_no`),
  KEY `posts_reader_FK02` (`user_id`),
  CONSTRAINT `posts_reader_FK01` FOREIGN KEY (`board_no`, `posts_no`) REFERENCES `posts` (`board_no`, `posts_no`) ON DELETE CASCADE,
  CONSTRAINT `posts_reader_FK02` FOREIGN KEY (`user_id`) REFERENCES `user` (`user_id`) ON DELETE CASCADE
) ENGINE=InnoDB DEFAULT CHARSET=utf8mb4 COMMENT='게시물 조회';
/*!40101 SET character_set_client = @saved_cs_client */;


--
-- Table structure for table `privacy`
--

DROP TABLE IF EXISTS `privacy`;
/*!40101 SET @saved_cs_client     = @@character_set_client */;
/*!50503 SET character_set_client = utf8mb4 */;
CREATE TABLE `privacy` (
  `privacy_no` int(9) NOT NULL AUTO_INCREMENT COMMENT '개인정보처리방침 번호',
  `privacy_title` varchar(100) NOT NULL COMMENT '개인정보처리방침 제목',
  `privacy_content` longtext NOT NULL COMMENT '개인정보처리방침 내용',
  `use_at` tinyint(1) NOT NULL DEFAULT '1' COMMENT '사용 여부',
  `created_by` varchar(255) NOT NULL COMMENT '생성자 id',
  `created_date` datetime NOT NULL DEFAULT CURRENT_TIMESTAMP COMMENT '생성 일시',
  `last_modified_by` varchar(255) NOT NULL COMMENT '최종 수정자 id',
  `modified_date` datetime NOT NULL DEFAULT CURRENT_TIMESTAMP COMMENT '수정 일시',
  PRIMARY KEY (`privacy_no`)
) ENGINE=InnoDB AUTO_INCREMENT=3 DEFAULT CHARSET=utf8mb4 COMMENT='개인정보처리방침';
/*!40101 SET character_set_client = @saved_cs_client */;

--
-- Dumping data for table `privacy`
--

LOCK TABLES `privacy` WRITE;
/*!40000 ALTER TABLE `privacy` DISABLE KEYS */;
INSERT INTO `privacy` VALUES (1,'2020.01.01~2020.12.31','<p>2020.01.01 ~ 2020.12.31 적용1</p><p>2020.01.01 ~ 2020.12.31 적용2</p><p>2020.01.01 ~ 2020.12.31 적용3</p>',1,'65a00f65-8460-49af-98ec-042977e56f4b','2021-09-06 15:44:45','65a00f65-8460-49af-98ec-042977e56f4b','2021-09-06 15:44:45'),(2,'2021.01.01~현재','<h3><strong>1. 개인정보의 처리 목적</strong></h3><p>\'전자정부 표준프레임워크 포털\'은 개인정보를 다음의 목적을 위해 처리합니다. 처리한 개인정보는 다음의 목적이외의 용도로는 사용되지 않으며 이용 목적이 변경될 시에는 사전 동의를 구할 예정입니다.</p><ol><li>가. 개인정보(이메일) 관리<ul><li>- 이메일 안내를 신청하신 경우 이메일을 수집관리하며 요청하신 목적으로 개인정보를 처리합니다.</li></ul></li><li>나. 서비스 제공<ul><li>- (필수) 표준프레임워크 실행환경, 개발환경, 공통컴포넌트 등 업그레이드 정보 및 보안패치 안내 이메일 발송 시 개인정보(이메일)를 처리합니다.</li><li>- (선택) 표준프레임워크 행사 등 안내 이메일 발송 시 개인정보(이메일)를 처리합니다.</li></ul></li></ol><h3><strong>2. 개인정보 파일 현황</strong></h3><p>\'전자정부 표준프레임워크 포털\'은 개인정보 보호법 제32조에 따라 등록 · 공개하는 개인정보파일의 처리 목적은 다음과 같습니다.</p><ol><li>가. 개인정보 파일명 : 이메일 안내 정보<ul><li>- 개인정보 항목 : 이메일주소</li><li>- 수집방법 : 사용자가 이메일 안내를 수신 신청</li><li>- 보유근거 : 사용자가 이메일 안내 수신 URL 승인</li><li>- 보유기간 : 이메일 안내 신청 후 \'수신거부\'까지 보유</li></ul></li></ol><p>※ 기타(\'전자정부 표준프레임워크 포털\')의 개인정보파일 등록사항 공개는 행정안전부 개인정보보호 종합지원 포털(www.privacy.go.kr) → 개인정보민원 → 개인정보열람 등 요구 → 개인정보파일 목록검색 메뉴를 활용해주시기 바랍니다.</p><h3><strong>3. 개인정보의 처리 및 보유 기간</strong></h3><ol><li>가. \'전자정부 표준프레임워크 포털\'은 법령에 따른 개인정보 보유 · 이용기간 또는 정보주체로부터 개인정보를 수집시에 동의 받은 개인정보 보유, 이용기간 내에서 개인정보를 처리, 보유합니다.</li><li>나. 각각의 개인정보 처리 및 보유 기간은 다음과 같습니다. &lt;서비스 제공&gt;와 관련한 개인정보는 수집 · 이용에 관한 동의일로부터 &lt;사용자 \'수신거부\' 시 즉시 파기&gt;까지 위 이용목적을 위하여 보유 · 이용됩니다.<br>- 보유근거 : 이메일 안내 신청 및 이메일 본인 인증(승인)</li></ol><h3><strong>4. 정보주체와 법정대리인의 권리 · 의무 및 그 행사방법</strong></h3><p>이용자는 개인정보주체로써 다음과 같은 권리를 행사할 수 있습니다.</p><ol><li>가. 정보주체는 한국지능정보사회진흥원에 대해 언제든지 개인정보(이메일) 삭제 등의 권리를 행사할 수 있습니다.</li><li>나. 제1항에 따른 권리 행사는 한국지능정보사회진흥원에 대해 개인정보 보호법 시행령 제41조 제1항에 따라 전자우편 등을 통하여 하실 수 있으며 이에 대해 지체 없이 조치하겠습니다.</li></ol><h3><strong>5. 처리하는 개인정보의 항목 작성</strong></h3><ol><li>가. \'전자정부 표준프레임워크 포털\'은 다음의 개인정보 항목을 처리하고 있습니다.<ul><li>- 안내 서비스 제공 : 이메일주소</li></ul></li></ol><h3><strong>6. 개인정보의 파기</strong></h3><p>\'전자정부 표준프레임워크 포털\'은 원칙적으로 개인정보 처리목적이 달성된 경우에는 지체 없이 해당 개인정보를 파기합니다. 파기의 절차, 기한 및 방법은 다음과 같습니다.</p><ol><li>가. 파기절차<br>이용자가 입력한 정보는 목적 달성 후 별도의 DB에 옮겨져 내부 방침 및 기타 관련 법령에 따라 일정기간 저장된 후 혹은 즉시 파기됩니다. 이 때, DB로 옮겨진 개인정보는 법률에 의한 경우가 아니고서는 다른 목적으로 이용되지 않습니다.</li><li>나. 파기기한<br>이용자의 개인정보는 개인정보의 보유기간이 경과된 경우에는 보유기간의 종료일로부터 5일 이내에 개인정보의 처리 목적 달성, 해당 서비스의 폐지, 사업의 종료 등 그 개인정보가 불필요하게 되었을 때에는 개인정보의 처리가 불필요한 것으로 인정되는 날로부터 5일 이내에 그 개인정보를 파기합니다.</li><li>다. 파기방법<br>전자적 파일 형태의 정보는 기록을 재생할 수 없는 기술적 방법을 사용합니다.</li></ol><h3><strong>7. 개인정보 자동 수집 장치의 설치 · 운영 및 거부에 관한 사항</strong></h3><p>한국지능정보사회진흥원은 정보주체의 이용정보를 저장하고 수시로 불러오는 \'쿠키\'를 사용하지 않습니다.</p><h3><strong>8. 개인정보 보호책임자 작성</strong></h3><ol><li>가. \'전자정부 표준프레임워크 포털\'은 개인정보 처리에 관한 업무를 총괄해서 책임지고, 개인정보 처리와 관련한 정보주체의 불만처리 및 피해구제 등을 위하여 아래와 같이 개인정보 보호책임자를 지정하고 있습니다.<ul><li>- 개인정보 보호책임자 : 경영기획실 금봉수 실장 (전화 : 053-230-1100 / 이메일 : keumbs@nia.or.kr)</li><li>- 개인정보 보호분야별 책임자 : 디지털정부본부 오강탁 본부장 (전화 : 053-230-1600 / 이메일 : okt@nia.or.kr)</li><li>- 개인정보 보호담당자 : 디지털정부기반지원팀 최진원 선임 (전화 : 053-230-1675 / 이메일 : jwchoi@nia.or.kr)</li></ul></li><li>나. 정보주체께서는 \'전자정부 표준프레임워크 포털\'의 서비스를 이용하시면서 발생한 모든 개인정보 보호 관련 문의, 불만처리, 피해구제 등에 관한 사항을 개인정보 보호책임자 및 담당부서로 문의하실 수 있으며, 정보주체의 문의에 대해 지체 없이 답변 및 처리해드릴 것입니다.</li></ol><h3><strong>9. 개인정보 처리방침 변경</strong></h3><ol><li>가. 이 개인정보처리방침은 시행일로부터 적용되며, 법령 및 방침에 따른 변경내용의 추가, 삭제 및 정정이 있는 경우에는 변경사항의 시행 7일 전부터 공지사항을 통하여 고지할 것입니다.</li></ol><h3><strong>10. 개인정보의 안전성 확보 조치</strong></h3><p>\'전자정부 표준프레임워크 포털\'은 개인정보보호법 제29조에 따라 다음과 같이 안전성 확보에 필요한 기술적, 관리적 및 물리적 조치를 하고 있습니다.</p><ol><li>가. 개인정보 취급 직원의 최소화 및 교육<br>개인정보를 취급하는 직원을 지정하고 담당자에 한정시켜 최소화하여 개인정보를 관리하는 대책을 시행하고 있습니다.</li><li>나. 내부관리계획의 수립 및 시행<br>개인정보의 안전한 처리를 위하여 내부관리계획을 수립하고 시행하고 있습니다.</li><li>다. 해킹 등에 대비한 기술적 대책<br>\'전자정부 표준프레임워크 포털\'은 해킹이나 컴퓨터 바이러스 등에 의한 개인정보 유출 및 훼손을 막기 위하여 보안프로그램을 설치하고 주기적인 갱신 · 점검을 하며 외부로부터 접근이 통제된 구역에 시스템을 설치하고 기술적, 물리적으로 감시 및 차단하고 있습니다.</li><li>라. 개인정보에 대한 접근 제한<br>개인정보를 처리하는 데이터베이스시스템에 대한 접근권한의 부여, 변경, 말소를 통하여 개인정보에 대한 접근통제를 위하여 필요한 조치를 하고 있으며 입차단시스템을 이용하여 외부로부터의 무단 접근을 통제하고 있습니다.</li><li>마. 비인가자에 대한 출입 통제<br>개인정보를 보관하고 있는 물리적 보관 장소를 별도로 두고 에 대해 출입통제 절차를 수립, 운영하고 있습니다.</li></ol>',1,'65a00f65-8460-49af-98ec-042977e56f4b','2021-09-06 15:44:59','65a00f65-8460-49af-98ec-042977e56f4b','2021-09-06 15:44:59');
/*!40000 ALTER TABLE `privacy` ENABLE KEYS */;
UNLOCK TABLES;

--
-- Table structure for table `reserve_item`
--

DROP TABLE IF EXISTS `reserve_item`;
/*!40101 SET @saved_cs_client     = @@character_set_client */;
/*!50503 SET character_set_client = utf8mb4 */;
CREATE TABLE `reserve_item` (
  `reserve_item_id` bigint(20) NOT NULL AUTO_INCREMENT COMMENT '예약 물품 id',
  `reserve_item_name` varchar(200) DEFAULT NULL COMMENT '예약 물품 이름',
  `location_id` bigint(20) DEFAULT NULL COMMENT '지역 id',
  `category_id` varchar(20) DEFAULT NULL COMMENT '예약유형 - 공통코드 reserve-category',
  `total_qty` bigint(18) DEFAULT NULL COMMENT '총 재고/수용인원 수',
  `inventory_qty` bigint(18) DEFAULT NULL COMMENT '현재 남은 재고/수용인원 수',
  `operation_start_date` datetime DEFAULT NULL COMMENT '운영 시작 일',
  `operation_end_date` datetime DEFAULT NULL COMMENT '운영 종료 일',
  `reserve_method_id` varchar(20) DEFAULT NULL COMMENT '예약 방법 - 공통코드 reserve-method',
  `reserve_means_id` varchar(20) DEFAULT NULL COMMENT '예약 구분 (인터넷 예약 시) - 공통코드 reserve-means',
  `request_start_date` datetime DEFAULT NULL COMMENT '예약 신청 시작 일시',
  `request_end_date` datetime DEFAULT NULL COMMENT '예약 신청 종료 일시',
  `period_at` tinyint(1) DEFAULT '0' COMMENT '기간 지정 가능 여부 - true: 지정 가능, false: 지정 불가',
  `period_max_count` smallint(3) DEFAULT NULL COMMENT '최대 예약 가능 일 수',
  `external_url` varchar(500) DEFAULT NULL COMMENT '외부링크',
  `selection_means_id` varchar(20) DEFAULT NULL COMMENT '선별 방법 - 공통코드 reserve-selection-means',
  `paid_at` tinyint(1) DEFAULT '0' COMMENT '유/무료 - false: 무료, true: 유료',
  `usage_cost` decimal(18,0) DEFAULT NULL COMMENT '이용 요금',
  `use_at` tinyint(1) DEFAULT '1' COMMENT '사용 여부',
  `purpose_content` varchar(4000) DEFAULT NULL COMMENT '용도',
  `item_addr` varchar(500) DEFAULT NULL COMMENT '주소',
  `target_id` varchar(20) DEFAULT NULL COMMENT '이용 대상 - 공통코드 reserve-target',
  `excluded_content` varchar(2000) DEFAULT NULL COMMENT '사용허가 제외대상',
  `homepage_url` varchar(500) DEFAULT NULL COMMENT '홈페이지 url',
  `contact_no` varchar(50) DEFAULT NULL COMMENT '문의처',
  `manager_dept_name` varchar(200) DEFAULT NULL COMMENT '담당자 소속',
  `manager_name` varchar(200) DEFAULT NULL COMMENT '담당자 이름',
  `manager_contact_no` varchar(50) DEFAULT NULL COMMENT '담당자 연락처',
  `create_date` datetime DEFAULT NULL COMMENT '생성일',
  `created_by` varchar(255) DEFAULT NULL COMMENT '생성자',
  `modified_date` datetime DEFAULT NULL COMMENT '수정일',
  `last_modified_by` varchar(255) DEFAULT NULL COMMENT '수정자',
  PRIMARY KEY (`reserve_item_id`),
  KEY `FK_reserve_item_location_id` (`location_id`),
  CONSTRAINT `FK_reserve_item_location_id` FOREIGN KEY (`location_id`) REFERENCES `location` (`location_id`)
) ENGINE=InnoDB AUTO_INCREMENT=1 DEFAULT CHARSET=utf8mb4 COMMENT='예약 물품';
/*!40101 SET character_set_client = @saved_cs_client */;


--
-- Table structure for table `role`
--

DROP TABLE IF EXISTS `role`;
/*!40101 SET @saved_cs_client     = @@character_set_client */;
/*!50503 SET character_set_client = utf8mb4 */;
CREATE TABLE `role` (
  `role_id` varchar(20) CHARACTER SET utf8 NOT NULL COMMENT '권한 ID',
  `role_name` varchar(50) CHARACTER SET utf8 NOT NULL COMMENT '권한 명',
  `role_content` varchar(200) CHARACTER SET utf8 DEFAULT NULL COMMENT '권한 내용',
  `sort_seq` smallint(3) DEFAULT NULL COMMENT '정렬 순서',
  `created_date` datetime NOT NULL DEFAULT CURRENT_TIMESTAMP COMMENT '생성 일시',
  PRIMARY KEY (`role_id`)
) ENGINE=InnoDB DEFAULT CHARSET=utf8mb4 COMMENT='권한';
/*!40101 SET character_set_client = @saved_cs_client */;

--
-- Dumping data for table `role`
--

LOCK TABLES `role` WRITE;
/*!40000 ALTER TABLE `role` DISABLE KEYS */;
INSERT INTO `role` VALUES ('ROLE_ADMIN','시스템 관리자','시스템 관리자 권한',1,'2021-07-23 11:05:06'),('ROLE_ANONYMOUS','손님','손님 권한',5,'2021-07-23 16:15:26'),('ROLE_EMPLOYEE','내부 사용자','내부 사용자 권한',2,'2021-07-23 11:05:06'),('ROLE_USER','일반 사용자','일반 사용자 권한',3,'2021-07-23 11:05:06');
/*!40000 ALTER TABLE `role` ENABLE KEYS */;
UNLOCK TABLES;

--
-- Table structure for table `role_authorization`
--

DROP TABLE IF EXISTS `role_authorization`;
/*!40101 SET @saved_cs_client     = @@character_set_client */;
/*!50503 SET character_set_client = utf8mb4 */;
CREATE TABLE `role_authorization` (
  `role_id` varchar(20) CHARACTER SET utf8 NOT NULL COMMENT '권한 ID',
  `authorization_no` int(9) NOT NULL COMMENT '인가 번호',
  `created_by` varchar(255) CHARACTER SET utf8 NOT NULL COMMENT '생성자 id',
  `created_date` datetime NOT NULL DEFAULT CURRENT_TIMESTAMP COMMENT '생성 일시',
  PRIMARY KEY (`role_id`,`authorization_no`),
  KEY `role_authorization_FK02` (`authorization_no`),
  CONSTRAINT `role_authorization_FK01` FOREIGN KEY (`role_id`) REFERENCES `role` (`role_id`),
  CONSTRAINT `role_authorization_FK02` FOREIGN KEY (`authorization_no`) REFERENCES `authorization` (`authorization_no`) ON DELETE CASCADE
) ENGINE=InnoDB DEFAULT CHARSET=utf8mb4 COMMENT='권한 인가';
/*!40101 SET character_set_client = @saved_cs_client */;

--
-- Dumping data for table `role_authorization`
--

LOCK TABLES `role_authorization` WRITE;
/*!40000 ALTER TABLE `role_authorization` DISABLE KEYS */;
INSERT INTO `role_authorization` VALUES ('ROLE_ADMIN',1,'65a00f65-8460-49af-98ec-042977e56f4b','2021-09-23 14:03:25'),('ROLE_ADMIN',2,'65a00f65-8460-49af-98ec-042977e56f4b','2021-07-23 11:05:06'),('ROLE_ADMIN',3,'65a00f65-8460-49af-98ec-042977e56f4b','2021-07-23 11:05:06'),('ROLE_ADMIN',4,'65a00f65-8460-49af-98ec-042977e56f4b','2021-07-23 11:05:06'),('ROLE_ADMIN',5,'65a00f65-8460-49af-98ec-042977e56f4b','2021-07-23 11:05:06'),('ROLE_ADMIN',6,'65a00f65-8460-49af-98ec-042977e56f4b','2021-07-23 11:05:06'),('ROLE_ADMIN',7,'65a00f65-8460-49af-98ec-042977e56f4b','2021-07-23 11:05:06'),('ROLE_ADMIN',8,'65a00f65-8460-49af-98ec-042977e56f4b','2021-07-23 11:05:06'),('ROLE_ADMIN',9,'65a00f65-8460-49af-98ec-042977e56f4b','2021-07-23 11:05:06'),('ROLE_ADMIN',10,'65a00f65-8460-49af-98ec-042977e56f4b','2021-07-23 11:05:06'),('ROLE_ADMIN',11,'65a00f65-8460-49af-98ec-042977e56f4b','2021-07-23 11:05:06'),('ROLE_ADMIN',12,'65a00f65-8460-49af-98ec-042977e56f4b','2021-07-23 11:05:06'),('ROLE_ADMIN',13,'65a00f65-8460-49af-98ec-042977e56f4b','2021-07-23 11:05:06'),('ROLE_ADMIN',14,'65a00f65-8460-49af-98ec-042977e56f4b','2021-07-23 11:05:06'),('ROLE_ADMIN',15,'65a00f65-8460-49af-98ec-042977e56f4b','2021-07-23 11:05:06'),('ROLE_ADMIN',16,'65a00f65-8460-49af-98ec-042977e56f4b','2021-07-23 11:05:06'),('ROLE_ADMIN',17,'65a00f65-8460-49af-98ec-042977e56f4b','2021-07-23 11:05:06'),('ROLE_ADMIN',18,'65a00f65-8460-49af-98ec-042977e56f4b','2021-07-23 11:05:06'),('ROLE_ADMIN',19,'65a00f65-8460-49af-98ec-042977e56f4b','2021-07-23 11:05:06'),('ROLE_ADMIN',20,'65a00f65-8460-49af-98ec-042977e56f4b','2021-07-23 11:05:06'),('ROLE_ADMIN',21,'65a00f65-8460-49af-98ec-042977e56f4b','2021-07-23 11:05:06'),('ROLE_ADMIN',22,'65a00f65-8460-49af-98ec-042977e56f4b','2021-07-23 11:05:06'),('ROLE_ADMIN',23,'65a00f65-8460-49af-98ec-042977e56f4b','2021-07-23 11:05:06'),('ROLE_ADMIN',24,'65a00f65-8460-49af-98ec-042977e56f4b','2021-07-23 11:05:06'),('ROLE_ADMIN',25,'65a00f65-8460-49af-98ec-042977e56f4b','2021-07-23 11:05:06'),('ROLE_ADMIN',26,'65a00f65-8460-49af-98ec-042977e56f4b','2021-07-23 11:05:06'),('ROLE_ADMIN',27,'65a00f65-8460-49af-98ec-042977e56f4b','2021-07-23 11:05:06'),('ROLE_ADMIN',28,'65a00f65-8460-49af-98ec-042977e56f4b','2021-07-23 11:05:06'),('ROLE_ADMIN',29,'65a00f65-8460-49af-98ec-042977e56f4b','2021-07-23 11:05:06'),('ROLE_ADMIN',30,'65a00f65-8460-49af-98ec-042977e56f4b','2021-07-23 11:05:06'),('ROLE_ADMIN',31,'65a00f65-8460-49af-98ec-042977e56f4b','2021-07-23 11:05:06'),('ROLE_ADMIN',32,'65a00f65-8460-49af-98ec-042977e56f4b','2021-07-23 11:05:06'),('ROLE_ADMIN',33,'65a00f65-8460-49af-98ec-042977e56f4b','2021-07-23 11:05:06'),('ROLE_ADMIN',34,'65a00f65-8460-49af-98ec-042977e56f4b','2021-07-23 11:05:06'),('ROLE_ADMIN',35,'65a00f65-8460-49af-98ec-042977e56f4b','2021-07-23 11:05:06'),('ROLE_ADMIN',36,'65a00f65-8460-49af-98ec-042977e56f4b','2021-07-23 11:05:06'),('ROLE_ADMIN',37,'65a00f65-8460-49af-98ec-042977e56f4b','2021-07-23 11:05:06'),('ROLE_ADMIN',38,'65a00f65-8460-49af-98ec-042977e56f4b','2021-07-23 11:05:06'),('ROLE_ADMIN',39,'65a00f65-8460-49af-98ec-042977e56f4b','2021-07-23 11:05:06'),('ROLE_ADMIN',40,'65a00f65-8460-49af-98ec-042977e56f4b','2021-07-23 11:05:06'),('ROLE_ADMIN',41,'65a00f65-8460-49af-98ec-042977e56f4b','2021-07-23 11:05:06'),('ROLE_ADMIN',42,'65a00f65-8460-49af-98ec-042977e56f4b','2021-07-23 11:05:06'),('ROLE_ADMIN',43,'65a00f65-8460-49af-98ec-042977e56f4b','2021-07-23 11:05:06'),('ROLE_ADMIN',44,'65a00f65-8460-49af-98ec-042977e56f4b','2021-07-23 11:05:06'),('ROLE_ADMIN',45,'65a00f65-8460-49af-98ec-042977e56f4b','2021-07-23 11:05:06'),('ROLE_ADMIN',46,'65a00f65-8460-49af-98ec-042977e56f4b','2021-07-23 11:05:06'),('ROLE_ADMIN',47,'65a00f65-8460-49af-98ec-042977e56f4b','2021-07-23 11:05:06'),('ROLE_ADMIN',48,'65a00f65-8460-49af-98ec-042977e56f4b','2021-07-23 11:17:37'),('ROLE_ADMIN',49,'65a00f65-8460-49af-98ec-042977e56f4b','2021-07-23 16:38:54'),('ROLE_ADMIN',50,'65a00f65-8460-49af-98ec-042977e56f4b','2021-07-23 18:02:50'),('ROLE_ADMIN',51,'65a00f65-8460-49af-98ec-042977e56f4b','2021-07-23 18:02:47'),('ROLE_ADMIN',52,'65a00f65-8460-49af-98ec-042977e56f4b','2021-07-23 18:02:47'),('ROLE_ADMIN',53,'65a00f65-8460-49af-98ec-042977e56f4b','2021-07-23 18:02:47'),('ROLE_ADMIN',54,'65a00f65-8460-49af-98ec-042977e56f4b','2021-07-23 18:02:47'),('ROLE_ADMIN',55,'65a00f65-8460-49af-98ec-042977e56f4b','2021-07-26 11:38:11'),('ROLE_ADMIN',56,'65a00f65-8460-49af-98ec-042977e56f4b','2021-07-26 11:38:11'),('ROLE_ADMIN',57,'65a00f65-8460-49af-98ec-042977e56f4b','2021-07-26 11:38:12'),('ROLE_ADMIN',58,'65a00f65-8460-49af-98ec-042977e56f4b','2021-07-26 11:38:13'),('ROLE_ADMIN',59,'65a00f65-8460-49af-98ec-042977e56f4b','2021-07-26 11:38:13'),('ROLE_ADMIN',60,'65a00f65-8460-49af-98ec-042977e56f4b','2021-07-26 11:38:14'),('ROLE_ADMIN',61,'65a00f65-8460-49af-98ec-042977e56f4b','2021-07-26 11:38:09'),('ROLE_ADMIN',62,'65a00f65-8460-49af-98ec-042977e56f4b','2021-07-26 16:15:38'),('ROLE_ADMIN',63,'65a00f65-8460-49af-98ec-042977e56f4b','2021-07-28 12:46:35'),('ROLE_ADMIN',64,'65a00f65-8460-49af-98ec-042977e56f4b','2021-07-26 16:15:38'),('ROLE_ADMIN',65,'65a00f65-8460-49af-98ec-042977e56f4b','2021-07-26 16:15:38'),('ROLE_ADMIN',66,'65a00f65-8460-49af-98ec-042977e56f4b','2021-07-28 16:40:33'),('ROLE_ADMIN',67,'65a00f65-8460-49af-98ec-042977e56f4b','2021-07-27 19:11:35'),('ROLE_ADMIN',68,'65a00f65-8460-49af-98ec-042977e56f4b','2021-07-27 19:49:06'),('ROLE_ADMIN',70,'65a00f65-8460-49af-98ec-042977e56f4b','2021-07-28 16:26:12'),('ROLE_ADMIN',71,'a2ebc791-7396-4e35-b771-30a4d50e0fdd','2021-07-29 15:07:47'),('ROLE_ADMIN',78,'65a00f65-8460-49af-98ec-042977e56f4b','2021-08-02 09:06:59'),('ROLE_ADMIN',79,'a2ebc791-7396-4e35-b771-30a4d50e0fdd','2021-08-02 09:39:31'),('ROLE_ADMIN',81,'87638675-11fa-49e5-9bd1-d2524bf6fa45','2021-08-03 10:46:37'),('ROLE_ADMIN',82,'87638675-11fa-49e5-9bd1-d2524bf6fa45','2021-08-03 10:46:37'),('ROLE_ADMIN',83,'87638675-11fa-49e5-9bd1-d2524bf6fa45','2021-08-03 10:46:38'),('ROLE_ADMIN',84,'87638675-11fa-49e5-9bd1-d2524bf6fa45','2021-08-03 10:46:38'),('ROLE_ADMIN',85,'87638675-11fa-49e5-9bd1-d2524bf6fa45','2021-08-03 10:46:39'),('ROLE_ADMIN',87,'87638675-11fa-49e5-9bd1-d2524bf6fa45','2021-08-03 10:46:40'),('ROLE_ADMIN',88,'87638675-11fa-49e5-9bd1-d2524bf6fa45','2021-08-03 10:46:40'),('ROLE_ADMIN',93,'87638675-11fa-49e5-9bd1-d2524bf6fa45','2021-08-13 15:17:57'),('ROLE_ADMIN',94,'87638675-11fa-49e5-9bd1-d2524bf6fa45','2021-08-16 14:46:57'),('ROLE_ADMIN',99,'65a00f65-8460-49af-98ec-042977e56f4b','2021-08-18 17:42:33'),('ROLE_ADMIN',100,'65a00f65-8460-49af-98ec-042977e56f4b','2021-08-18 17:42:33'),('ROLE_ADMIN',101,'65a00f65-8460-49af-98ec-042977e56f4b','2021-08-18 17:42:33'),('ROLE_ADMIN',102,'65a00f65-8460-49af-98ec-042977e56f4b','2021-08-18 17:42:33'),('ROLE_ADMIN',103,'65a00f65-8460-49af-98ec-042977e56f4b','2021-08-18 17:42:25'),('ROLE_ADMIN',104,'65a00f65-8460-49af-98ec-042977e56f4b','2021-08-18 17:42:24'),('ROLE_ADMIN',107,'87638675-11fa-49e5-9bd1-d2524bf6fa45','2021-09-03 11:24:52'),('ROLE_ADMIN',108,'87638675-11fa-49e5-9bd1-d2524bf6fa45','2021-09-03 16:07:13'),('ROLE_ADMIN',109,'65a00f65-8460-49af-98ec-042977e56f4b','2021-09-06 10:23:25'),('ROLE_ADMIN',110,'65a00f65-8460-49af-98ec-042977e56f4b','2021-09-06 10:46:02'),('ROLE_ADMIN',111,'87638675-11fa-49e5-9bd1-d2524bf6fa45','2021-09-06 17:54:27'),('ROLE_ADMIN',112,'87638675-11fa-49e5-9bd1-d2524bf6fa45','2021-09-06 17:54:27'),('ROLE_ADMIN',125,'a2ebc791-7396-4e35-b771-30a4d50e0fdd','2021-09-07 15:52:30'),('ROLE_ADMIN',126,'87638675-11fa-49e5-9bd1-d2524bf6fa45','2021-09-08 17:28:59'),('ROLE_ADMIN',128,'87638675-11fa-49e5-9bd1-d2524bf6fa45','2021-09-09 13:21:12'),('ROLE_ADMIN',141,'65a00f65-8460-49af-98ec-042977e56f4b','2021-09-09 16:53:43'),('ROLE_ADMIN',142,'65a00f65-8460-49af-98ec-042977e56f4b','2021-09-09 16:53:43'),('ROLE_ADMIN',143,'65a00f65-8460-49af-98ec-042977e56f4b','2021-09-09 16:53:43'),('ROLE_ADMIN',144,'65a00f65-8460-49af-98ec-042977e56f4b','2021-09-09 16:53:43'),('ROLE_ADMIN',145,'65a00f65-8460-49af-98ec-042977e56f4b','2021-09-09 16:53:43'),('ROLE_ADMIN',146,'65a00f65-8460-49af-98ec-042977e56f4b','2021-09-09 16:53:43'),('ROLE_ADMIN',147,'65a00f65-8460-49af-98ec-042977e56f4b','2021-09-09 16:53:43'),('ROLE_ADMIN',148,'65a00f65-8460-49af-98ec-042977e56f4b','2021-09-09 16:53:43'),('ROLE_ADMIN',149,'65a00f65-8460-49af-98ec-042977e56f4b','2021-09-09 16:53:43'),('ROLE_ADMIN',150,'87638675-11fa-49e5-9bd1-d2524bf6fa45','2021-09-09 20:14:10'),('ROLE_ADMIN',151,'87638675-11fa-49e5-9bd1-d2524bf6fa45','2021-09-09 20:14:10'),('ROLE_ADMIN',152,'87638675-11fa-49e5-9bd1-d2524bf6fa45','2021-09-09 20:14:11'),('ROLE_ADMIN',153,'87638675-11fa-49e5-9bd1-d2524bf6fa45','2021-09-09 20:14:12'),('ROLE_ADMIN',154,'65a00f65-8460-49af-98ec-042977e56f4b','2021-09-10 12:29:25'),('ROLE_ADMIN',155,'65a00f65-8460-49af-98ec-042977e56f4b','2021-09-10 12:29:25'),('ROLE_ADMIN',156,'65a00f65-8460-49af-98ec-042977e56f4b','2021-09-10 12:29:25'),('ROLE_ADMIN',157,'65a00f65-8460-49af-98ec-042977e56f4b','2021-09-10 12:29:25'),('ROLE_ADMIN',158,'65a00f65-8460-49af-98ec-042977e56f4b','2021-09-10 12:29:25'),('ROLE_ADMIN',159,'65a00f65-8460-49af-98ec-042977e56f4b','2021-09-10 12:29:25'),('ROLE_ADMIN',160,'65a00f65-8460-49af-98ec-042977e56f4b','2021-09-10 12:29:25'),('ROLE_ADMIN',161,'65a00f65-8460-49af-98ec-042977e56f4b','2021-09-10 12:29:25'),('ROLE_ADMIN',162,'65a00f65-8460-49af-98ec-042977e56f4b','2021-09-10 12:29:25'),('ROLE_ADMIN',163,'65a00f65-8460-49af-98ec-042977e56f4b','2021-09-10 12:29:25'),('ROLE_ADMIN',164,'65a00f65-8460-49af-98ec-042977e56f4b','2021-09-10 12:29:30'),('ROLE_ADMIN',165,'65a00f65-8460-49af-98ec-042977e56f4b','2021-09-10 12:29:30'),('ROLE_ADMIN',166,'65a00f65-8460-49af-98ec-042977e56f4b','2021-09-10 12:29:30'),('ROLE_ADMIN',167,'65a00f65-8460-49af-98ec-042977e56f4b','2021-09-13 14:05:17'),('ROLE_ADMIN',168,'87638675-11fa-49e5-9bd1-d2524bf6fa45','2021-09-13 14:13:52'),('ROLE_ADMIN',170,'65a00f65-8460-49af-98ec-042977e56f4b','2021-09-15 14:46:35'),('ROLE_ADMIN',171,'65a00f65-8460-49af-98ec-042977e56f4b','2021-09-15 14:46:34'),('ROLE_ADMIN',172,'65a00f65-8460-49af-98ec-042977e56f4b','2021-09-15 14:46:32'),('ROLE_ADMIN',173,'87638675-11fa-49e5-9bd1-d2524bf6fa45','2021-09-15 15:15:23'),('ROLE_ADMIN',174,'87638675-11fa-49e5-9bd1-d2524bf6fa45','2021-09-16 09:47:10'),('ROLE_ADMIN',175,'87638675-11fa-49e5-9bd1-d2524bf6fa45','2021-10-14 14:16:43'),('ROLE_ADMIN',176,'87638675-11fa-49e5-9bd1-d2524bf6fa45','2021-10-14 14:16:41'),('ROLE_ADMIN',177,'87638675-11fa-49e5-9bd1-d2524bf6fa45','2021-09-16 15:11:42'),('ROLE_ADMIN',178,'87638675-11fa-49e5-9bd1-d2524bf6fa45','2021-10-19 14:12:56'),('ROLE_ADMIN',180,'65a00f65-8460-49af-98ec-042977e56f4b','2021-09-23 13:05:39'),('ROLE_ADMIN',181,'87638675-11fa-49e5-9bd1-d2524bf6fa45','2021-09-24 15:57:22'),('ROLE_ADMIN',182,'87638675-11fa-49e5-9bd1-d2524bf6fa45','2021-09-24 15:57:23'),('ROLE_ADMIN',183,'87638675-11fa-49e5-9bd1-d2524bf6fa45','2021-09-24 15:57:24'),('ROLE_ADMIN',184,'87638675-11fa-49e5-9bd1-d2524bf6fa45','2021-09-24 15:57:24'),('ROLE_ADMIN',185,'87638675-11fa-49e5-9bd1-d2524bf6fa45','2021-09-24 15:57:25'),('ROLE_ADMIN',186,'87638675-11fa-49e5-9bd1-d2524bf6fa45','2021-09-24 15:57:26'),('ROLE_ADMIN',187,'87638675-11fa-49e5-9bd1-d2524bf6fa45','2021-09-25 21:29:49'),('ROLE_ADMIN',188,'87638675-11fa-49e5-9bd1-d2524bf6fa45','2021-09-27 15:56:37'),('ROLE_ADMIN',189,'87638675-11fa-49e5-9bd1-d2524bf6fa45','2021-09-29 15:11:57'),('ROLE_ADMIN',190,'87638675-11fa-49e5-9bd1-d2524bf6fa45','2021-10-01 09:54:14'),('ROLE_ADMIN',191,'87638675-11fa-49e5-9bd1-d2524bf6fa45','2021-10-07 11:12:43'),('ROLE_ADMIN',192,'87638675-11fa-49e5-9bd1-d2524bf6fa45','2021-10-08 14:04:00'),('ROLE_ADMIN',193,'87638675-11fa-49e5-9bd1-d2524bf6fa45','2021-10-13 11:21:15'),('ROLE_ADMIN',194,'87638675-11fa-49e5-9bd1-d2524bf6fa45','2021-10-14 16:27:41'),('ROLE_ADMIN',195,'65a00f65-8460-49af-98ec-042977e56f4b','2021-12-29 17:07:27'),('ROLE_ANONYMOUS',2,'65a00f65-8460-49af-98ec-042977e56f4b','2021-09-07 12:33:43'),('ROLE_ANONYMOUS',5,'65a00f65-8460-49af-98ec-042977e56f4b','2021-09-13 19:06:20'),('ROLE_ANONYMOUS',14,'65a00f65-8460-49af-98ec-042977e56f4b','2021-09-13 19:01:59'),('ROLE_ANONYMOUS',32,'65a00f65-8460-49af-98ec-042977e56f4b','2021-07-23 14:06:18'),('ROLE_ANONYMOUS',33,'65a00f65-8460-49af-98ec-042977e56f4b','2021-07-23 14:06:19'),('ROLE_ANONYMOUS',34,'65a00f65-8460-49af-98ec-042977e56f4b','2021-07-23 17:27:35'),('ROLE_ANONYMOUS',35,'87638675-11fa-49e5-9bd1-d2524bf6fa45','2021-08-24 11:24:59'),('ROLE_ANONYMOUS',49,'65a00f65-8460-49af-98ec-042977e56f4b','2021-07-23 16:39:04'),('ROLE_ANONYMOUS',51,'65a00f65-8460-49af-98ec-042977e56f4b','2021-09-17 12:04:33'),('ROLE_ANONYMOUS',56,'87638675-11fa-49e5-9bd1-d2524bf6fa45','2021-10-12 10:13:49'),('ROLE_ANONYMOUS',63,'87638675-11fa-49e5-9bd1-d2524bf6fa45','2021-08-25 17:56:43'),('ROLE_ANONYMOUS',67,'65a00f65-8460-49af-98ec-042977e56f4b','2021-07-27 19:11:42'),('ROLE_ANONYMOUS',110,'65a00f65-8460-49af-98ec-042977e56f4b','2021-09-06 12:29:13'),('ROLE_ANONYMOUS',125,'a2ebc791-7396-4e35-b771-30a4d50e0fdd','2021-09-07 15:52:45'),('ROLE_ANONYMOUS',142,'65a00f65-8460-49af-98ec-042977e56f4b','2021-09-09 16:53:47'),('ROLE_ANONYMOUS',144,'65a00f65-8460-49af-98ec-042977e56f4b','2021-09-09 16:53:48'),('ROLE_ANONYMOUS',145,'65a00f65-8460-49af-98ec-042977e56f4b','2021-09-09 16:53:49'),('ROLE_ANONYMOUS',148,'65a00f65-8460-49af-98ec-042977e56f4b','2021-09-09 16:53:50'),('ROLE_ANONYMOUS',149,'65a00f65-8460-49af-98ec-042977e56f4b','2021-09-09 16:53:50'),('ROLE_ANONYMOUS',155,'65a00f65-8460-49af-98ec-042977e56f4b','2021-09-10 12:29:41'),('ROLE_ANONYMOUS',157,'65a00f65-8460-49af-98ec-042977e56f4b','2021-09-10 12:29:43'),('ROLE_ANONYMOUS',163,'65a00f65-8460-49af-98ec-042977e56f4b','2021-09-10 12:29:48'),('ROLE_ANONYMOUS',164,'65a00f65-8460-49af-98ec-042977e56f4b','2021-09-10 12:29:52'),('ROLE_ANONYMOUS',165,'65a00f65-8460-49af-98ec-042977e56f4b','2021-09-10 12:29:53'),('ROLE_ANONYMOUS',166,'65a00f65-8460-49af-98ec-042977e56f4b','2021-09-10 12:29:54'),('ROLE_ANONYMOUS',167,'65a00f65-8460-49af-98ec-042977e56f4b','2021-09-13 14:05:22'),('ROLE_ANONYMOUS',169,'65a00f65-8460-49af-98ec-042977e56f4b','2021-09-13 17:04:45'),('ROLE_ANONYMOUS',190,'87638675-11fa-49e5-9bd1-d2524bf6fa45','2021-10-15 09:13:10'),('ROLE_ANONYMOUS',193,'87638675-11fa-49e5-9bd1-d2524bf6fa45','2021-10-13 11:21:26'),('ROLE_ANONYMOUS',195,'65a00f65-8460-49af-98ec-042977e56f4b','2021-10-22 18:03:50'),('ROLE_EMPLOYEE',2,'65a00f65-8460-49af-98ec-042977e56f4b','2021-09-14 09:44:50'),('ROLE_EMPLOYEE',5,'65a00f65-8460-49af-98ec-042977e56f4b','2021-09-14 09:44:55'),('ROLE_EMPLOYEE',14,'65a00f65-8460-49af-98ec-042977e56f4b','2021-09-14 09:42:41'),('ROLE_EMPLOYEE',17,'65a00f65-8460-49af-98ec-042977e56f4b','2021-12-30 21:37:18'),('ROLE_EMPLOYEE',18,'65a00f65-8460-49af-98ec-042977e56f4b','2021-12-30 21:37:15'),('ROLE_EMPLOYEE',23,'65a00f65-8460-49af-98ec-042977e56f4b','2021-12-30 21:37:37'),('ROLE_EMPLOYEE',24,'65a00f65-8460-49af-98ec-042977e56f4b','2021-12-30 21:37:37'),('ROLE_EMPLOYEE',32,'65a00f65-8460-49af-98ec-042977e56f4b','2021-07-23 14:06:28'),('ROLE_EMPLOYEE',33,'65a00f65-8460-49af-98ec-042977e56f4b','2021-07-23 14:06:29'),('ROLE_EMPLOYEE',34,'65a00f65-8460-49af-98ec-042977e56f4b','2021-07-23 17:27:40'),('ROLE_EMPLOYEE',35,'87638675-11fa-49e5-9bd1-d2524bf6fa45','2021-08-24 11:25:14'),('ROLE_EMPLOYEE',39,'87638675-11fa-49e5-9bd1-d2524bf6fa45','2021-10-08 14:17:09'),('ROLE_EMPLOYEE',40,'87638675-11fa-49e5-9bd1-d2524bf6fa45','2021-10-08 14:17:10'),('ROLE_EMPLOYEE',41,'87638675-11fa-49e5-9bd1-d2524bf6fa45','2021-10-08 14:17:49'),('ROLE_EMPLOYEE',49,'65a00f65-8460-49af-98ec-042977e56f4b','2021-07-23 16:39:13'),('ROLE_EMPLOYEE',51,'65a00f65-8460-49af-98ec-042977e56f4b','2021-12-30 21:38:24'),('ROLE_EMPLOYEE',56,'87638675-11fa-49e5-9bd1-d2524bf6fa45','2021-10-12 10:13:45'),('ROLE_EMPLOYEE',57,'65a00f65-8460-49af-98ec-042977e56f4b','2021-12-30 21:38:35'),('ROLE_EMPLOYEE',62,'65a00f65-8460-49af-98ec-042977e56f4b','2021-12-30 21:38:39'),('ROLE_EMPLOYEE',63,'87638675-11fa-49e5-9bd1-d2524bf6fa45','2021-08-25 17:56:54'),('ROLE_EMPLOYEE',64,'65a00f65-8460-49af-98ec-042977e56f4b','2021-12-29 17:08:11'),('ROLE_EMPLOYEE',65,'65a00f65-8460-49af-98ec-042977e56f4b','2021-12-29 17:08:12'),('ROLE_EMPLOYEE',66,'65a00f65-8460-49af-98ec-042977e56f4b','2021-12-29 17:08:14'),('ROLE_EMPLOYEE',67,'65a00f65-8460-49af-98ec-042977e56f4b','2021-07-27 19:11:38'),('ROLE_EMPLOYEE',68,'65a00f65-8460-49af-98ec-042977e56f4b','2021-12-30 21:38:44'),('ROLE_EMPLOYEE',71,'65a00f65-8460-49af-98ec-042977e56f4b','2021-12-30 21:37:25'),('ROLE_EMPLOYEE',79,'65a00f65-8460-49af-98ec-042977e56f4b','2021-12-30 21:37:33'),('ROLE_EMPLOYEE',107,'87638675-11fa-49e5-9bd1-d2524bf6fa45','2021-09-03 11:24:50'),('ROLE_EMPLOYEE',108,'87638675-11fa-49e5-9bd1-d2524bf6fa45','2021-09-03 16:07:15'),('ROLE_EMPLOYEE',111,'87638675-11fa-49e5-9bd1-d2524bf6fa45','2021-09-06 17:54:29'),('ROLE_EMPLOYEE',112,'87638675-11fa-49e5-9bd1-d2524bf6fa45','2021-09-06 17:54:30'),('ROLE_EMPLOYEE',125,'a2ebc791-7396-4e35-b771-30a4d50e0fdd','2021-09-07 15:52:34'),('ROLE_EMPLOYEE',126,'87638675-11fa-49e5-9bd1-d2524bf6fa45','2021-09-08 17:29:01'),('ROLE_EMPLOYEE',128,'87638675-11fa-49e5-9bd1-d2524bf6fa45','2021-09-09 13:21:19'),('ROLE_EMPLOYEE',141,'65a00f65-8460-49af-98ec-042977e56f4b','2021-12-29 17:09:21'),('ROLE_EMPLOYEE',142,'65a00f65-8460-49af-98ec-042977e56f4b','2021-12-30 21:45:55'),('ROLE_EMPLOYEE',143,'65a00f65-8460-49af-98ec-042977e56f4b','2021-12-29 17:09:29'),('ROLE_EMPLOYEE',144,'65a00f65-8460-49af-98ec-042977e56f4b','2021-12-30 21:45:56'),('ROLE_EMPLOYEE',145,'65a00f65-8460-49af-98ec-042977e56f4b','2021-12-29 17:09:30'),('ROLE_EMPLOYEE',146,'65a00f65-8460-49af-98ec-042977e56f4b','2021-12-29 17:09:31'),('ROLE_EMPLOYEE',147,'65a00f65-8460-49af-98ec-042977e56f4b','2021-12-29 17:09:33'),('ROLE_EMPLOYEE',148,'65a00f65-8460-49af-98ec-042977e56f4b','2021-12-29 17:09:34'),('ROLE_EMPLOYEE',149,'65a00f65-8460-49af-98ec-042977e56f4b','2021-12-29 17:09:35'),('ROLE_EMPLOYEE',150,'87638675-11fa-49e5-9bd1-d2524bf6fa45','2021-09-09 20:14:18'),('ROLE_EMPLOYEE',151,'87638675-11fa-49e5-9bd1-d2524bf6fa45','2021-09-09 20:14:18'),('ROLE_EMPLOYEE',152,'87638675-11fa-49e5-9bd1-d2524bf6fa45','2021-09-09 20:14:19'),('ROLE_EMPLOYEE',153,'87638675-11fa-49e5-9bd1-d2524bf6fa45','2021-09-09 20:14:19'),('ROLE_EMPLOYEE',155,'65a00f65-8460-49af-98ec-042977e56f4b','2021-12-29 17:08:56'),('ROLE_EMPLOYEE',157,'65a00f65-8460-49af-98ec-042977e56f4b','2021-12-29 17:09:02'),('ROLE_EMPLOYEE',158,'65a00f65-8460-49af-98ec-042977e56f4b','2021-12-29 17:09:04'),('ROLE_EMPLOYEE',159,'65a00f65-8460-49af-98ec-042977e56f4b','2021-12-29 17:09:05'),('ROLE_EMPLOYEE',163,'65a00f65-8460-49af-98ec-042977e56f4b','2021-12-29 17:09:14'),('ROLE_EMPLOYEE',164,'65a00f65-8460-49af-98ec-042977e56f4b','2021-12-29 17:09:15'),('ROLE_EMPLOYEE',165,'65a00f65-8460-49af-98ec-042977e56f4b','2021-12-29 17:09:16'),('ROLE_EMPLOYEE',166,'65a00f65-8460-49af-98ec-042977e56f4b','2021-12-29 17:09:17'),('ROLE_EMPLOYEE',167,'65a00f65-8460-49af-98ec-042977e56f4b','2021-12-29 17:09:40'),('ROLE_EMPLOYEE',168,'87638675-11fa-49e5-9bd1-d2524bf6fa45','2021-09-13 14:13:55'),('ROLE_EMPLOYEE',169,'65a00f65-8460-49af-98ec-042977e56f4b','2021-12-29 17:09:42'),('ROLE_EMPLOYEE',170,'87638675-11fa-49e5-9bd1-d2524bf6fa45','2021-10-14 14:17:22'),('ROLE_EMPLOYEE',171,'87638675-11fa-49e5-9bd1-d2524bf6fa45','2021-10-14 14:17:21'),('ROLE_EMPLOYEE',172,'65a00f65-8460-49af-98ec-042977e56f4b','2021-09-15 14:46:53'),('ROLE_EMPLOYEE',173,'87638675-11fa-49e5-9bd1-d2524bf6fa45','2021-09-15 15:15:27'),('ROLE_EMPLOYEE',174,'87638675-11fa-49e5-9bd1-d2524bf6fa45','2021-09-16 09:47:16'),('ROLE_EMPLOYEE',175,'87638675-11fa-49e5-9bd1-d2524bf6fa45','2021-10-14 14:16:47'),('ROLE_EMPLOYEE',176,'87638675-11fa-49e5-9bd1-d2524bf6fa45','2021-10-14 14:16:49'),('ROLE_EMPLOYEE',178,'87638675-11fa-49e5-9bd1-d2524bf6fa45','2021-10-19 14:13:02'),('ROLE_EMPLOYEE',179,'65a00f65-8460-49af-98ec-042977e56f4b','2021-12-29 17:09:49'),('ROLE_EMPLOYEE',181,'65a00f65-8460-49af-98ec-042977e56f4b','2021-12-29 17:09:53'),('ROLE_EMPLOYEE',182,'87638675-11fa-49e5-9bd1-d2524bf6fa45','2021-09-24 15:57:36'),('ROLE_EMPLOYEE',183,'87638675-11fa-49e5-9bd1-d2524bf6fa45','2021-09-24 15:57:38'),('ROLE_EMPLOYEE',184,'87638675-11fa-49e5-9bd1-d2524bf6fa45','2021-09-24 15:57:40'),('ROLE_EMPLOYEE',185,'87638675-11fa-49e5-9bd1-d2524bf6fa45','2021-09-24 15:57:41'),('ROLE_EMPLOYEE',186,'87638675-11fa-49e5-9bd1-d2524bf6fa45','2021-09-24 15:57:42'),('ROLE_EMPLOYEE',187,'87638675-11fa-49e5-9bd1-d2524bf6fa45','2021-09-25 21:30:07'),('ROLE_EMPLOYEE',188,'87638675-11fa-49e5-9bd1-d2524bf6fa45','2021-09-27 15:56:46'),('ROLE_EMPLOYEE',189,'87638675-11fa-49e5-9bd1-d2524bf6fa45','2021-09-29 15:12:02'),('ROLE_EMPLOYEE',190,'87638675-11fa-49e5-9bd1-d2524bf6fa45','2021-10-01 09:54:20'),('ROLE_EMPLOYEE',191,'87638675-11fa-49e5-9bd1-d2524bf6fa45','2021-10-07 11:12:49'),('ROLE_EMPLOYEE',192,'87638675-11fa-49e5-9bd1-d2524bf6fa45','2021-10-08 14:17:52'),('ROLE_EMPLOYEE',193,'87638675-11fa-49e5-9bd1-d2524bf6fa45','2021-10-13 11:21:19'),('ROLE_EMPLOYEE',194,'87638675-11fa-49e5-9bd1-d2524bf6fa45','2021-10-14 16:27:43'),('ROLE_EMPLOYEE',195,'65a00f65-8460-49af-98ec-042977e56f4b','2021-12-29 17:09:59'),('ROLE_USER',2,'65a00f65-8460-49af-98ec-042977e56f4b','2021-09-14 09:45:01'),('ROLE_USER',5,'65a00f65-8460-49af-98ec-042977e56f4b','2021-09-14 09:45:03'),('ROLE_USER',14,'65a00f65-8460-49af-98ec-042977e56f4b','2021-09-14 09:42:39'),('ROLE_USER',24,'65a00f65-8460-49af-98ec-042977e56f4b','2021-12-30 21:39:55'),('ROLE_USER',29,'65a00f65-8460-49af-98ec-042977e56f4b','2021-12-30 21:40:28'),('ROLE_USER',31,'65a00f65-8460-49af-98ec-042977e56f4b','2021-12-30 21:40:31'),('ROLE_USER',32,'65a00f65-8460-49af-98ec-042977e56f4b','2021-07-23 14:06:24'),('ROLE_USER',33,'65a00f65-8460-49af-98ec-042977e56f4b','2021-07-23 14:06:25'),('ROLE_USER',34,'65a00f65-8460-49af-98ec-042977e56f4b','2021-07-23 17:27:38'),('ROLE_USER',35,'87638675-11fa-49e5-9bd1-d2524bf6fa45','2021-08-24 11:25:10'),('ROLE_USER',39,'65a00f65-8460-49af-98ec-042977e56f4b','2021-12-30 21:40:41'),('ROLE_USER',40,'65a00f65-8460-49af-98ec-042977e56f4b','2021-12-30 21:40:43'),('ROLE_USER',41,'65a00f65-8460-49af-98ec-042977e56f4b','2021-12-30 21:40:45'),('ROLE_USER',43,'65a00f65-8460-49af-98ec-042977e56f4b','2021-12-30 21:41:00'),('ROLE_USER',48,'65a00f65-8460-49af-98ec-042977e56f4b','2021-12-30 21:35:23'),('ROLE_USER',49,'65a00f65-8460-49af-98ec-042977e56f4b','2021-07-23 16:39:09'),('ROLE_USER',51,'65a00f65-8460-49af-98ec-042977e56f4b','2021-09-16 13:27:34'),('ROLE_USER',56,'65a00f65-8460-49af-98ec-042977e56f4b','2021-09-17 12:01:55'),('ROLE_USER',62,'65a00f65-8460-49af-98ec-042977e56f4b','2021-12-29 17:10:55'),('ROLE_USER',63,'65a00f65-8460-49af-98ec-042977e56f4b','2021-12-29 17:10:59'),('ROLE_USER',67,'65a00f65-8460-49af-98ec-042977e56f4b','2021-07-27 19:11:40'),('ROLE_USER',68,'65a00f65-8460-49af-98ec-042977e56f4b','2021-12-30 21:41:20'),('ROLE_USER',70,'65a00f65-8460-49af-98ec-042977e56f4b','2021-12-30 21:35:24'),('ROLE_USER',79,'65a00f65-8460-49af-98ec-042977e56f4b','2021-12-30 21:39:57'),('ROLE_USER',107,'87638675-11fa-49e5-9bd1-d2524bf6fa45','2021-09-03 11:24:47'),('ROLE_USER',110,'65a00f65-8460-49af-98ec-042977e56f4b','2021-09-06 12:29:28'),('ROLE_USER',125,'a2ebc791-7396-4e35-b771-30a4d50e0fdd','2021-09-07 15:52:52'),('ROLE_USER',128,'65a00f65-8460-49af-98ec-042977e56f4b','2021-12-30 21:32:36'),('ROLE_USER',141,'65a00f65-8460-49af-98ec-042977e56f4b','2021-12-29 17:11:42'),('ROLE_USER',142,'65a00f65-8460-49af-98ec-042977e56f4b','2021-12-30 21:45:46'),('ROLE_USER',143,'65a00f65-8460-49af-98ec-042977e56f4b','2021-12-30 21:41:53'),('ROLE_USER',144,'65a00f65-8460-49af-98ec-042977e56f4b','2021-12-30 21:45:42'),('ROLE_USER',145,'65a00f65-8460-49af-98ec-042977e56f4b','2021-09-09 16:53:54'),('ROLE_USER',146,'65a00f65-8460-49af-98ec-042977e56f4b','2021-12-29 17:11:53'),('ROLE_USER',147,'65a00f65-8460-49af-98ec-042977e56f4b','2021-12-29 17:11:54'),('ROLE_USER',148,'65a00f65-8460-49af-98ec-042977e56f4b','2021-09-09 16:53:56'),('ROLE_USER',149,'65a00f65-8460-49af-98ec-042977e56f4b','2021-09-09 16:53:56'),('ROLE_USER',150,'65a00f65-8460-49af-98ec-042977e56f4b','2021-12-29 17:11:59'),('ROLE_USER',151,'65a00f65-8460-49af-98ec-042977e56f4b','2021-12-29 17:12:00'),('ROLE_USER',155,'65a00f65-8460-49af-98ec-042977e56f4b','2021-09-10 12:29:58'),('ROLE_USER',157,'65a00f65-8460-49af-98ec-042977e56f4b','2021-09-10 12:30:00'),('ROLE_USER',158,'65a00f65-8460-49af-98ec-042977e56f4b','2021-12-29 17:11:31'),('ROLE_USER',159,'65a00f65-8460-49af-98ec-042977e56f4b','2021-12-29 17:11:32'),('ROLE_USER',160,'65a00f65-8460-49af-98ec-042977e56f4b','2021-12-29 17:11:32'),('ROLE_USER',163,'65a00f65-8460-49af-98ec-042977e56f4b','2021-09-10 12:30:02'),('ROLE_USER',164,'65a00f65-8460-49af-98ec-042977e56f4b','2021-09-10 12:30:05'),('ROLE_USER',165,'65a00f65-8460-49af-98ec-042977e56f4b','2021-09-10 12:30:06'),('ROLE_USER',166,'65a00f65-8460-49af-98ec-042977e56f4b','2021-09-10 12:30:07'),('ROLE_USER',167,'65a00f65-8460-49af-98ec-042977e56f4b','2021-09-16 10:59:38'),('ROLE_USER',169,'65a00f65-8460-49af-98ec-042977e56f4b','2021-12-29 17:12:07'),('ROLE_USER',170,'87638675-11fa-49e5-9bd1-d2524bf6fa45','2021-10-14 14:17:05'),('ROLE_USER',171,'87638675-11fa-49e5-9bd1-d2524bf6fa45','2021-10-14 14:17:04'),('ROLE_USER',172,'87638675-11fa-49e5-9bd1-d2524bf6fa45','2021-10-14 14:16:57'),('ROLE_USER',173,'87638675-11fa-49e5-9bd1-d2524bf6fa45','2021-09-25 21:30:17'),('ROLE_USER',174,'87638675-11fa-49e5-9bd1-d2524bf6fa45','2021-10-14 16:27:49'),('ROLE_USER',175,'65a00f65-8460-49af-98ec-042977e56f4b','2021-09-16 10:58:24'),('ROLE_USER',176,'65a00f65-8460-49af-98ec-042977e56f4b','2021-09-16 14:45:52'),('ROLE_USER',178,'65a00f65-8460-49af-98ec-042977e56f4b','2021-09-16 17:09:37'),('ROLE_USER',179,'65a00f65-8460-49af-98ec-042977e56f4b','2021-09-17 09:31:10'),('ROLE_USER',181,'87638675-11fa-49e5-9bd1-d2524bf6fa45','2021-09-24 15:57:54'),('ROLE_USER',182,'87638675-11fa-49e5-9bd1-d2524bf6fa45','2021-09-24 15:58:06'),('ROLE_USER',184,'87638675-11fa-49e5-9bd1-d2524bf6fa45','2021-09-24 15:58:03'),('ROLE_USER',186,'87638675-11fa-49e5-9bd1-d2524bf6fa45','2021-09-24 15:58:00'),('ROLE_USER',187,'65a00f65-8460-49af-98ec-042977e56f4b','2021-12-29 17:12:28'),('ROLE_USER',188,'87638675-11fa-49e5-9bd1-d2524bf6fa45','2021-09-27 15:56:51'),('ROLE_USER',189,'87638675-11fa-49e5-9bd1-d2524bf6fa45','2021-09-29 15:12:07'),('ROLE_USER',190,'87638675-11fa-49e5-9bd1-d2524bf6fa45','2021-10-01 09:54:24'),('ROLE_USER',193,'87638675-11fa-49e5-9bd1-d2524bf6fa45','2021-10-13 11:21:23'),('ROLE_USER',194,'87638675-11fa-49e5-9bd1-d2524bf6fa45','2021-10-14 16:27:50'),('ROLE_USER',195,'65a00f65-8460-49af-98ec-042977e56f4b','2021-12-29 17:12:39');
/*!40000 ALTER TABLE `role_authorization` ENABLE KEYS */;
UNLOCK TABLES;

--
-- Table structure for table `site`
--

DROP TABLE IF EXISTS `site`;
/*!40101 SET @saved_cs_client     = @@character_set_client */;
/*!50503 SET character_set_client = utf8mb4 */;
CREATE TABLE `site` (
  `site_id` bigint(20) NOT NULL AUTO_INCREMENT COMMENT '사이트 id',
  `created_date` datetime(6) DEFAULT NULL COMMENT '생성 일시',
  `modified_date` datetime(6) DEFAULT NULL COMMENT '수정 일시',
  `created_by` varchar(255) DEFAULT NULL COMMENT '생성자 id',
  `last_modified_by` varchar(255) DEFAULT NULL COMMENT '수정자 id',
  `use_at` tinyint(1) DEFAULT '1' COMMENT '사용여부',
  `site_name` varchar(50) DEFAULT NULL COMMENT '사이트 명',
  `sort_seq` smallint(3) DEFAULT NULL COMMENT '정렬 순서',
  PRIMARY KEY (`site_id`)
) ENGINE=InnoDB AUTO_INCREMENT=5 DEFAULT CHARSET=utf8mb4 COMMENT='사이트';
/*!40101 SET character_set_client = @saved_cs_client */;

--
-- Dumping data for table `site`
--

LOCK TABLES `site` WRITE;
/*!40000 ALTER TABLE `site` DISABLE KEYS */;
INSERT INTO `site` VALUES (1,'2021-07-27 18:57:22.000000','2021-07-27 18:57:22.000000','system','system',1,'대규모 Admin',1),(2,'2021-07-27 18:57:24.000000','2021-07-27 18:57:24.000000','system','system',1,'대규모 포털',3),(3,'2021-08-18 10:38:27.000000','2021-08-18 10:38:27.000000','','',1,'소규모 포털',4),(4,'2021-09-16 13:52:35.000000','2021-09-16 13:52:35.000000','system','system',1,'소규모 Admin',2);
/*!40000 ALTER TABLE `site` ENABLE KEYS */;
UNLOCK TABLES;

--
-- Table structure for table `statistics`
--

DROP TABLE IF EXISTS `statistics`;
/*!40101 SET @saved_cs_client     = @@character_set_client */;
/*!50503 SET character_set_client = utf8mb4 */;
CREATE TABLE `statistics` (
  `log_id` bigint(20) NOT NULL AUTO_INCREMENT COMMENT '로그 id',
  `statistics_id` varchar(255) DEFAULT NULL COMMENT '접속 통계 id',
  `ip_addr` varchar(100) DEFAULT NULL COMMENT 'ip 주소',
  `site_id` bigint(20) DEFAULT NULL COMMENT '사이트 id',
  `created_date` datetime(6) DEFAULT NULL COMMENT '생성 일시',
  `modified_date` datetime(6) DEFAULT NULL COMMENT '수정 일시',
  PRIMARY KEY (`log_id`)
) ENGINE=InnoDB AUTO_INCREMENT=1 DEFAULT CHARSET=utf8mb4 COMMENT='접속 통계';
/*!40101 SET character_set_client = @saved_cs_client */;


--
-- Table structure for table `user`
--

DROP TABLE IF EXISTS `user`;
/*!40101 SET @saved_cs_client     = @@character_set_client */;
/*!50503 SET character_set_client = utf8mb4 */;
CREATE TABLE `user` (
  `user_no` bigint(20) NOT NULL AUTO_INCREMENT COMMENT '사용자 번호',
  `created_date` datetime(6) DEFAULT NULL COMMENT '생성 일시',
  `modified_date` datetime(6) DEFAULT NULL COMMENT '수정 일시',
  `created_by` varchar(255) DEFAULT NULL COMMENT '생성자 id',
  `last_modified_by` varchar(255) DEFAULT NULL COMMENT '수정자 id',
  `email_addr` varchar(100) NOT NULL COMMENT '이메일 주소',
  `encrypted_password` varchar(100) DEFAULT NULL COMMENT '암호화된 비밀번호',
  `role_id` varchar(255) NOT NULL COMMENT '권한 id',
  `user_id` varchar(255) NOT NULL COMMENT '사용자 id',
  `user_name` varchar(50) NOT NULL COMMENT '사용자 이름',
  `refresh_token` varchar(255) DEFAULT NULL COMMENT 'refresh token',
  `user_state_code` varchar(20) NOT NULL DEFAULT '00' COMMENT '회원 상태 코드',
  `last_login_date` datetime DEFAULT NULL COMMENT '마지막 로그인 일시',
  `login_fail_count` tinyint(4) NOT NULL DEFAULT '0' COMMENT '로그인 실패 수',
  `google_id` varchar(100) DEFAULT NULL COMMENT '구글 id',
  `kakao_id` varchar(100) DEFAULT NULL COMMENT '카카오 id',
  `naver_id` varchar(100) DEFAULT NULL COMMENT '네이버 id',
  PRIMARY KEY (`user_no`),
  UNIQUE KEY `UK_a3imlf41l37utmxiquukk8ajc` (`user_id`),
  UNIQUE KEY `UK_7kh4xw8xh470ry9y0j73j7wdj` (`email_addr`)
) ENGINE=InnoDB AUTO_INCREMENT=4 DEFAULT CHARSET=utf8mb4 COMMENT='사용자';
/*!40101 SET character_set_client = @saved_cs_client */;

--
-- Dumping data for table `user`
--

LOCK TABLES `user` WRITE;
/*!40000 ALTER TABLE `user` DISABLE KEYS */;
INSERT INTO `user` VALUES (2,'2021-07-09 17:27:07.031000','2021-12-30 21:45:21.961000',NULL,NULL,'1@gmail.com','$2a$10$Xf9rt9ziTa3AXCuxG2TTruCC0RKCG62ukI6cHrptHnTMgCrviC8j.','ADMIN','65a00f65-8460-49af-98ec-042977e56f4b','kim1','eyJhbGciOiJIUzUxMiJ9.eyJleHAiOjE2NDA5NTQ3MjF9._vbdh3vQV6CItMzrIKoIV92RCgGQq8x9XZ1Sox-_Jp6FNztsCzVNXj3H7jHggk2XowACo3Uo1nNKJnXrT62HDQ','01','2021-12-30 21:45:22',0,NULL,NULL,NULL),(3,'2021-12-30 21:28:29.592000','2021-12-30 21:28:29.592000','65a00f65-8460-49af-98ec-042977e56f4b','65a00f65-8460-49af-98ec-042977e56f4b','2@gmail.com','$2a$10$3fFk5BDorWmI9EoUdwSYI.Y0uvj1bvybSyqEu/qlsQKbauW9.fADK','EMPLOYEE','a4aa10ab-f544-40f0-b7ad-20e31d2ff1c3','내부사용자',NULL,'01',NULL,0,NULL,NULL,NULL);
/*!40000 ALTER TABLE `user` ENABLE KEYS */;
UNLOCK TABLES;

--
-- Table structure for table `user_find_password`
--

DROP TABLE IF EXISTS `user_find_password`;
/*!40101 SET @saved_cs_client     = @@character_set_client */;
/*!50503 SET character_set_client = utf8mb4 */;
CREATE TABLE `user_find_password` (
  `email_addr` varchar(50) NOT NULL COMMENT '이메일 주소',
  `request_no` int(9) NOT NULL COMMENT '요청 번호',
  `token_value` varchar(50) NOT NULL COMMENT '토큰 값',
  `change_at` tinyint(1) NOT NULL DEFAULT '0' COMMENT '변경 여부',
  `created_date` datetime NOT NULL DEFAULT CURRENT_TIMESTAMP COMMENT '생성 일시',
  `modified_date` datetime NOT NULL DEFAULT CURRENT_TIMESTAMP COMMENT '수정 일시',
  PRIMARY KEY (`email_addr`,`request_no`)
) ENGINE=InnoDB DEFAULT CHARSET=utf8mb4 COMMENT='사용자 비밀번호 찾기';
/*!40101 SET character_set_client = @saved_cs_client */;

--
-- Dumping data for table `user_find_password`
--

LOCK TABLES `user_find_password` WRITE;
/*!40000 ALTER TABLE `user_find_password` DISABLE KEYS */;
/*!40000 ALTER TABLE `user_find_password` ENABLE KEYS */;
UNLOCK TABLES;
/*!40103 SET TIME_ZONE=@OLD_TIME_ZONE */;

/*!40101 SET SQL_MODE=@OLD_SQL_MODE */;
/*!40014 SET FOREIGN_KEY_CHECKS=@OLD_FOREIGN_KEY_CHECKS */;
/*!40014 SET UNIQUE_CHECKS=@OLD_UNIQUE_CHECKS */;
/*!40101 SET CHARACTER_SET_CLIENT=@OLD_CHARACTER_SET_CLIENT */;
/*!40101 SET CHARACTER_SET_RESULTS=@OLD_CHARACTER_SET_RESULTS */;
/*!40101 SET COLLATION_CONNECTION=@OLD_COLLATION_CONNECTION */;
/*!40111 SET SQL_NOTES=@OLD_SQL_NOTES */;

-- Dump completed on 2021-12-30 22:17:03
